{
    "ALL": {
        "performance_sw": 46.23627560089784,
        "performance_fw": 41.22058342133841,
        "val_loss": 80.30048605789128,
        "annual_return_2023_2024": 68.50231901618608,
        "annual_volatility_2023_2024": 0.11248688343204717,
        "sharpe_ratio_2023_2024": 38.079809645098756,
        "downside_risk_2023_2024": 0.0,
        "sortino_ratio_2023_2024": Infinity,
        "max_drawdown_2023_2024": -0.0,
        "calmar_ratio_2023_2024": NaN,
        "perc_pos_return_2023_2024": 1.0,
        "profit_loss_ratio_2023_2024": NaN,
        "sharpe_ratio_2023": 38.37665914838077,
        "annual_return_2023_2024_0_5_bps": 68.49292122993306,
        "annual_volatility_2023_2024_0_5_bps": 0.11248477087180794,
        "sharpe_ratio_2023_2024_0_5_bps": 38.07930019724776,
        "downside_risk_2023_2024_0_5_bps": 0.0,
        "sortino_ratio_2023_2024_0_5_bps": Infinity,
        "max_drawdown_2023_2024_0_5_bps": -0.0,
        "calmar_ratio_2023_2024_0_5_bps": NaN,
        "perc_pos_return_2023_2024_0_5_bps": 1.0,
        "profit_loss_ratio_2023_2024_0_5_bps": NaN,
        "sharpe_ratio_2023_0_5_bps": 38.37612723149748,
        "annual_return_2023_2024_1_0_bps": 68.48352470859521,
        "annual_volatility_2023_2024_1_0_bps": 0.11248265837571293,
        "sharpe_ratio_2023_2024_1_0_bps": 38.0787907085459,
        "downside_risk_2023_2024_1_0_bps": 0.0,
        "sortino_ratio_2023_2024_1_0_bps": Infinity,
        "max_drawdown_2023_2024_1_0_bps": -0.0,
        "calmar_ratio_2023_2024_1_0_bps": NaN,
        "perc_pos_return_2023_2024_1_0_bps": 1.0,
        "profit_loss_ratio_2023_2024_1_0_bps": NaN,
        "sharpe_ratio_2023_1_0_bps": 38.375595273023265,
        "annual_return_2023_2024_1_5_bps": 68.47412945200273,
        "annual_volatility_2023_2024_1_5_bps": 0.11248054594376568,
        "sharpe_ratio_2023_2024_1_5_bps": 38.07828117899058,
        "downside_risk_2023_2024_1_5_bps": 0.0,
        "sortino_ratio_2023_2024_1_5_bps": Infinity,
        "max_drawdown_2023_2024_1_5_bps": -0.0,
        "calmar_ratio_2023_2024_1_5_bps": NaN,
        "perc_pos_return_2023_2024_1_5_bps": 1.0,
        "profit_loss_ratio_2023_2024_1_5_bps": NaN,
        "sharpe_ratio_2023_1_5_bps": 38.375063272955515,
        "annual_return_2023_2024_2_0_bps": 68.46473545998658,
        "annual_volatility_2023_2024_2_0_bps": 0.11247843357596983,
        "sharpe_ratio_2023_2024_2_0_bps": 38.0777716085791,
        "downside_risk_2023_2024_2_0_bps": 0.0,
        "sortino_ratio_2023_2024_2_0_bps": Infinity,
        "max_drawdown_2023_2024_2_0_bps": -0.0,
        "calmar_ratio_2023_2024_2_0_bps": NaN,
        "perc_pos_return_2023_2024_2_0_bps": 1.0,
        "profit_loss_ratio_2023_2024_2_0_bps": NaN,
        "sharpe_ratio_2023_2_0_bps": 38.37453123129164,
        "annual_return_2023_2024_2_5_bps": 68.45534273237719,
        "annual_volatility_2023_2024_2_5_bps": 0.112476321272329,
        "sharpe_ratio_2023_2024_2_5_bps": 38.07726199730881,
        "downside_risk_2023_2024_2_5_bps": 0.0,
        "sortino_ratio_2023_2024_2_5_bps": Infinity,
        "max_drawdown_2023_2024_2_5_bps": -0.0,
        "calmar_ratio_2023_2024_2_5_bps": NaN,
        "perc_pos_return_2023_2024_2_5_bps": 1.0,
        "profit_loss_ratio_2023_2024_2_5_bps": NaN,
        "sharpe_ratio_2023_2_5_bps": 38.37399914802908,
        "annual_return_2023_2024_3_0_bps": 68.4459512690048,
        "annual_volatility_2023_2024_3_0_bps": 0.11247420903284679,
        "sharpe_ratio_2023_2024_3_0_bps": 38.07675234517708,
        "downside_risk_2023_2024_3_0_bps": 0.0,
        "sortino_ratio_2023_2024_3_0_bps": Infinity,
        "max_drawdown_2023_2024_3_0_bps": -0.0,
        "calmar_ratio_2023_2024_3_0_bps": NaN,
        "perc_pos_return_2023_2024_3_0_bps": 1.0,
        "profit_loss_ratio_2023_2024_3_0_bps": NaN,
        "sharpe_ratio_2023_3_0_bps": 38.373467023165205
    },
    "STOCK": {
        "annual_return_2023_2024": 68.50231901618608,
        "annual_volatility_2023_2024": 0.11248688343204717,
        "sharpe_ratio_2023_2024": 38.079809645098756,
        "downside_risk_2023_2024": 0.0,
        "sortino_ratio_2023_2024": Infinity,
        "max_drawdown_2023_2024": -0.0,
        "calmar_ratio_2023_2024": NaN,
        "perc_pos_return_2023_2024": 1.0,
        "profit_loss_ratio_2023_2024": NaN,
        "sharpe_ratio_2023": 38.37665914838077,
        "annual_return_2023_2024_0_5_bps": 68.49292122993306,
        "annual_volatility_2023_2024_0_5_bps": 0.11248477087180794,
        "sharpe_ratio_2023_2024_0_5_bps": 38.07930019724776,
        "downside_risk_2023_2024_0_5_bps": 0.0,
        "sortino_ratio_2023_2024_0_5_bps": Infinity,
        "max_drawdown_2023_2024_0_5_bps": -0.0,
        "calmar_ratio_2023_2024_0_5_bps": NaN,
        "perc_pos_return_2023_2024_0_5_bps": 1.0,
        "profit_loss_ratio_2023_2024_0_5_bps": NaN,
        "sharpe_ratio_2023_0_5_bps": 38.37612723149748,
        "annual_return_2023_2024_1_0_bps": 68.48352470859521,
        "annual_volatility_2023_2024_1_0_bps": 0.11248265837571293,
        "sharpe_ratio_2023_2024_1_0_bps": 38.0787907085459,
        "downside_risk_2023_2024_1_0_bps": 0.0,
        "sortino_ratio_2023_2024_1_0_bps": Infinity,
        "max_drawdown_2023_2024_1_0_bps": -0.0,
        "calmar_ratio_2023_2024_1_0_bps": NaN,
        "perc_pos_return_2023_2024_1_0_bps": 1.0,
        "profit_loss_ratio_2023_2024_1_0_bps": NaN,
        "sharpe_ratio_2023_1_0_bps": 38.375595273023265,
        "annual_return_2023_2024_1_5_bps": 68.47412945200273,
        "annual_volatility_2023_2024_1_5_bps": 0.11248054594376568,
        "sharpe_ratio_2023_2024_1_5_bps": 38.07828117899058,
        "downside_risk_2023_2024_1_5_bps": 0.0,
        "sortino_ratio_2023_2024_1_5_bps": Infinity,
        "max_drawdown_2023_2024_1_5_bps": -0.0,
        "calmar_ratio_2023_2024_1_5_bps": NaN,
        "perc_pos_return_2023_2024_1_5_bps": 1.0,
        "profit_loss_ratio_2023_2024_1_5_bps": NaN,
        "sharpe_ratio_2023_1_5_bps": 38.375063272955515,
        "annual_return_2023_2024_2_0_bps": 68.46473545998658,
        "annual_volatility_2023_2024_2_0_bps": 0.11247843357596983,
        "sharpe_ratio_2023_2024_2_0_bps": 38.0777716085791,
        "downside_risk_2023_2024_2_0_bps": 0.0,
        "sortino_ratio_2023_2024_2_0_bps": Infinity,
        "max_drawdown_2023_2024_2_0_bps": -0.0,
        "calmar_ratio_2023_2024_2_0_bps": NaN,
        "perc_pos_return_2023_2024_2_0_bps": 1.0,
        "profit_loss_ratio_2023_2024_2_0_bps": NaN,
        "sharpe_ratio_2023_2_0_bps": 38.37453123129164,
        "annual_return_2023_2024_2_5_bps": 68.45534273237719,
        "annual_volatility_2023_2024_2_5_bps": 0.112476321272329,
        "sharpe_ratio_2023_2024_2_5_bps": 38.07726199730881,
        "downside_risk_2023_2024_2_5_bps": 0.0,
        "sortino_ratio_2023_2024_2_5_bps": Infinity,
        "max_drawdown_2023_2024_2_5_bps": -0.0,
        "calmar_ratio_2023_2024_2_5_bps": NaN,
        "perc_pos_return_2023_2024_2_5_bps": 1.0,
        "profit_loss_ratio_2023_2024_2_5_bps": NaN,
        "sharpe_ratio_2023_2_5_bps": 38.37399914802908,
        "annual_return_2023_2024_3_0_bps": 68.4459512690048,
        "annual_volatility_2023_2024_3_0_bps": 0.11247420903284679,
        "sharpe_ratio_2023_2024_3_0_bps": 38.07675234517708,
        "downside_risk_2023_2024_3_0_bps": 0.0,
        "sortino_ratio_2023_2024_3_0_bps": Infinity,
        "max_drawdown_2023_2024_3_0_bps": -0.0,
        "calmar_ratio_2023_2024_3_0_bps": NaN,
        "perc_pos_return_2023_2024_3_0_bps": 1.0,
        "profit_loss_ratio_2023_2024_3_0_bps": NaN,
        "sharpe_ratio_2023_3_0_bps": 38.373467023165205
    }
}