{
    "ALL": {
        "performance_sw": -0.3002884371384309,
        "performance_fw": -1.0906417961217534,
        "val_loss": 2.4627303410215458,
        "annual_return_2023_2024": -0.04720152095471919,
        "annual_volatility_2023_2024": 0.13206411384307531,
        "sharpe_ratio_2023_2024": -0.3002884371384308,
        "downside_risk_2023_2024": 0.09611001872219803,
        "sortino_ratio_2023_2024": -0.412624270344143,
        "max_drawdown_2023_2024": 0.15019502958513933,
        "calmar_ratio_2023_2024": -0.3142681957258952,
        "perc_pos_return_2023_2024": 0.5341365461847389,
        "profit_loss_ratio_2023_2024": 0.8284419487898007,
        "sharpe_ratio_2023": -0.3002884371384308,
        "annual_return_2023_2024_0_5_bps": -0.049501215388942255,
        "annual_volatility_2023_2024_0_5_bps": 0.13206713169736797,
        "sharpe_ratio_2023_2024_0_5_bps": -0.31857210914800116,
        "downside_risk_2023_2024_0_5_bps": 0.09619183755826596,
        "sortino_ratio_2023_2024_0_5_bps": -0.4373853932094048,
        "max_drawdown_2023_2024_0_5_bps": 0.15092329538711968,
        "calmar_ratio_2023_2024_0_5_bps": -0.3279892296412636,
        "perc_pos_return_2023_2024_0_5_bps": 0.5341365461847389,
        "profit_loss_ratio_2023_2024_0_5_bps": 0.8258445356275216,
        "sharpe_ratio_2023_0_5_bps": -0.31857210914800116,
        "annual_return_2023_2024_1_0_bps": -0.05179538238071557,
        "annual_volatility_2023_2024_1_0_bps": 0.13207015885609621,
        "sharpe_ratio_2023_2024_1_0_bps": -0.33685492184786825,
        "downside_risk_2023_2024_1_0_bps": 0.09627370702865515,
        "sortino_ratio_2023_2024_1_0_bps": -0.4621041862100954,
        "max_drawdown_2023_2024_1_0_bps": 0.1516509449514632,
        "calmar_ratio_2023_2024_1_0_bps": -0.3415434199720483,
        "perc_pos_return_2023_2024_1_0_bps": 0.5341365461847389,
        "profit_loss_ratio_2023_2024_1_0_bps": 0.8232545849999489,
        "sharpe_ratio_2023_1_0_bps": -0.33685492184786825,
        "annual_return_2023_2024_1_5_bps": -0.05408403515993454,
        "annual_volatility_2023_2024_1_5_bps": 0.13207319531862025,
        "sharpe_ratio_2023_2024_1_5_bps": -0.35513687143481676,
        "downside_risk_2023_2024_1_5_bps": 0.09635562700429982,
        "sortino_ratio_2023_2024_1_5_bps": -0.48678071892740843,
        "max_drawdown_2023_2024_1_5_bps": 0.15237797879295717,
        "calmar_ratio_2023_2024_1_5_bps": -0.3549334069683452,
        "perc_pos_return_2023_2024_1_5_bps": 0.5341365461847389,
        "profit_loss_ratio_2023_2024_1_5_bps": 0.8206720647927037,
        "sharpe_ratio_2023_1_5_bps": -0.35513687143481676,
        "annual_return_2023_2024_2_0_bps": -0.05636718692496778,
        "annual_volatility_2023_2024_2_0_bps": 0.13207624108429844,
        "sharpe_ratio_2023_2024_2_0_bps": -0.3734179541067056,
        "downside_risk_2023_2024_2_0_bps": 0.09643759735649324,
        "sortino_ratio_2023_2024_2_0_bps": -0.5114150609692891,
        "max_drawdown_2023_2024_2_0_bps": 0.15310439742596804,
        "calmar_ratio_2023_2024_2_0_bps": -0.36816177636062686,
        "perc_pos_return_2023_2024_2_0_bps": 0.5341365461847389,
        "profit_loss_ratio_2023_2024_2_0_bps": 0.8180969430754133,
        "sharpe_ratio_2023_2_0_bps": -0.3734179541067056,
        "annual_return_2023_2024_2_5_bps": -0.0586448508427182,
        "annual_volatility_2023_2024_2_5_bps": 0.13207929615248712,
        "sharpe_ratio_2023_2024_2_5_bps": -0.3916981660624706,
        "downside_risk_2023_2024_2_5_bps": 0.09651961795688685,
        "sortino_ratio_2023_2024_2_5_bps": -0.5360072819689371,
        "max_drawdown_2023_2024_2_5_bps": 0.15383020136443232,
        "calmar_ratio_2023_2024_2_5_bps": -0.381231060757603,
        "perc_pos_return_2023_2024_2_5_bps": 0.5341365461847389,
        "profit_loss_ratio_2023_2024_2_5_bps": 0.8155291881003919,
        "sharpe_ratio_2023_2_5_bps": -0.3916981660624706,
        "annual_return_2023_2024_3_0_bps": -0.06091704004870635,
        "annual_volatility_2023_2024_3_0_bps": 0.13208236052254085,
        "sharpe_ratio_2023_2024_3_0_bps": -0.40997750350213086,
        "downside_risk_2023_2024_3_0_bps": 0.09660168872207033,
        "sortino_ratio_2023_2024_3_0_bps": -0.5605574513246372,
        "max_drawdown_2023_2024_3_0_bps": 0.15455539112186809,
        "calmar_ratio_2023_2024_3_0_bps": -0.3941437410013916,
        "perc_pos_return_2023_2024_3_0_bps": 0.5301204819277109,
        "profit_loss_ratio_2023_2024_3_0_bps": 0.8261892903646109,
        "sharpe_ratio_2023_3_0_bps": -0.40997750350213086
    },
    "STOCK": {
        "annual_return_2023_2024": -0.04720152095471919,
        "annual_volatility_2023_2024": 0.13206411384307531,
        "sharpe_ratio_2023_2024": -0.3002884371384308,
        "downside_risk_2023_2024": 0.09611001872219803,
        "sortino_ratio_2023_2024": -0.412624270344143,
        "max_drawdown_2023_2024": 0.15019502958513933,
        "calmar_ratio_2023_2024": -0.3142681957258952,
        "perc_pos_return_2023_2024": 0.5341365461847389,
        "profit_loss_ratio_2023_2024": 0.8284419487898007,
        "sharpe_ratio_2023": -0.3002884371384308,
        "annual_return_2023_2024_0_5_bps": -0.049501215388942255,
        "annual_volatility_2023_2024_0_5_bps": 0.13206713169736797,
        "sharpe_ratio_2023_2024_0_5_bps": -0.31857210914800116,
        "downside_risk_2023_2024_0_5_bps": 0.09619183755826596,
        "sortino_ratio_2023_2024_0_5_bps": -0.4373853932094048,
        "max_drawdown_2023_2024_0_5_bps": 0.15092329538711968,
        "calmar_ratio_2023_2024_0_5_bps": -0.3279892296412636,
        "perc_pos_return_2023_2024_0_5_bps": 0.5341365461847389,
        "profit_loss_ratio_2023_2024_0_5_bps": 0.8258445356275216,
        "sharpe_ratio_2023_0_5_bps": -0.31857210914800116,
        "annual_return_2023_2024_1_0_bps": -0.05179538238071557,
        "annual_volatility_2023_2024_1_0_bps": 0.13207015885609621,
        "sharpe_ratio_2023_2024_1_0_bps": -0.33685492184786825,
        "downside_risk_2023_2024_1_0_bps": 0.09627370702865515,
        "sortino_ratio_2023_2024_1_0_bps": -0.4621041862100954,
        "max_drawdown_2023_2024_1_0_bps": 0.1516509449514632,
        "calmar_ratio_2023_2024_1_0_bps": -0.3415434199720483,
        "perc_pos_return_2023_2024_1_0_bps": 0.5341365461847389,
        "profit_loss_ratio_2023_2024_1_0_bps": 0.8232545849999489,
        "sharpe_ratio_2023_1_0_bps": -0.33685492184786825,
        "annual_return_2023_2024_1_5_bps": -0.05408403515993454,
        "annual_volatility_2023_2024_1_5_bps": 0.13207319531862025,
        "sharpe_ratio_2023_2024_1_5_bps": -0.35513687143481676,
        "downside_risk_2023_2024_1_5_bps": 0.09635562700429982,
        "sortino_ratio_2023_2024_1_5_bps": -0.48678071892740843,
        "max_drawdown_2023_2024_1_5_bps": 0.15237797879295717,
        "calmar_ratio_2023_2024_1_5_bps": -0.3549334069683452,
        "perc_pos_return_2023_2024_1_5_bps": 0.5341365461847389,
        "profit_loss_ratio_2023_2024_1_5_bps": 0.8206720647927037,
        "sharpe_ratio_2023_1_5_bps": -0.35513687143481676,
        "annual_return_2023_2024_2_0_bps": -0.05636718692496778,
        "annual_volatility_2023_2024_2_0_bps": 0.13207624108429844,
        "sharpe_ratio_2023_2024_2_0_bps": -0.3734179541067056,
        "downside_risk_2023_2024_2_0_bps": 0.09643759735649324,
        "sortino_ratio_2023_2024_2_0_bps": -0.5114150609692891,
        "max_drawdown_2023_2024_2_0_bps": 0.15310439742596804,
        "calmar_ratio_2023_2024_2_0_bps": -0.36816177636062686,
        "perc_pos_return_2023_2024_2_0_bps": 0.5341365461847389,
        "profit_loss_ratio_2023_2024_2_0_bps": 0.8180969430754133,
        "sharpe_ratio_2023_2_0_bps": -0.3734179541067056,
        "annual_return_2023_2024_2_5_bps": -0.0586448508427182,
        "annual_volatility_2023_2024_2_5_bps": 0.13207929615248712,
        "sharpe_ratio_2023_2024_2_5_bps": -0.3916981660624706,
        "downside_risk_2023_2024_2_5_bps": 0.09651961795688685,