{
    "ALL": {
        "annual_return": 1193.2790021574783,
        "annual_volatility": 0.046792851045446504,
        "sharpe_ratio": 170.75968670009564,
        "downside_risk": 0.0,
        "sortino_ratio": Infinity,
        "max_drawdown": 0.0,
        "calmar_ratio": NaN,
        "perc_pos_return": 1.0,
        "profit_loss_ratio": NaN,
        "annual_return_0_5_bps": 1193.0520741297491,
        "annual_volatility_0_5_bps": 0.04679297921360975,
        "sharpe_ratio_0_5_bps": 170.75593479884108,
        "downside_risk_0_5_bps": 0.0,
        "sortino_ratio_0_5_bps": Infinity,
        "max_drawdown_0_5_bps": 0.0,
        "calmar_ratio_0_5_bps": NaN,
        "perc_pos_return_0_5_bps": 1.0,
        "profit_loss_ratio_0_5_bps": NaN,
        "annual_return_1_0_bps": 1192.8251948824957,
        "annual_volatility_1_0_bps": 0.04679310825403825,
        "sharpe_ratio_1_0_bps": 170.75218092401155,
        "downside_risk_1_0_bps": 0.0,
        "sortino_ratio_1_0_bps": Infinity,
        "max_drawdown_1_0_bps": 0.0,
        "calmar_ratio_1_0_bps": NaN,
        "perc_pos_return_1_0_bps": 1.0,
        "profit_loss_ratio_1_0_bps": NaN,
        "annual_return_1_5_bps": 1192.5983644039272,
        "annual_volatility_1_5_bps": 0.046793238166695,
        "sharpe_ratio_1_5_bps": 170.74842507596753,
        "downside_risk_1_5_bps": 0.0,
        "sortino_ratio_1_5_bps": Infinity,
        "max_drawdown_1_5_bps": 0.0,
        "calmar_ratio_1_5_bps": NaN,
        "perc_pos_return_1_5_bps": 1.0,
        "profit_loss_ratio_1_5_bps": NaN,
        "annual_return_2_0_bps": 1192.3715826822477,
        "annual_volatility_2_0_bps": 0.04679336895154326,
        "sharpe_ratio_2_0_bps": 170.74466725506986,
        "downside_risk_2_0_bps": 0.0,
        "sortino_ratio_2_0_bps": Infinity,
        "max_drawdown_2_0_bps": 0.0,
        "calmar_ratio_2_0_bps": NaN,
        "perc_pos_return_2_0_bps": 1.0,
        "profit_loss_ratio_2_0_bps": NaN,
        "annual_return_2_5_bps": 1192.1448497056736,
        "annual_volatility_2_5_bps": 0.04679350060854551,
        "sharpe_ratio_2_5_bps": 170.74090746168002,
        "downside_risk_2_5_bps": 0.0,
        "sortino_ratio_2_5_bps": Infinity,
        "max_drawdown_2_5_bps": 0.0,
        "calmar_ratio_2_5_bps": NaN,
        "perc_pos_return_2_5_bps": 1.0,
        "profit_loss_ratio_2_5_bps": NaN,
        "annual_return_3_0_bps": 1191.9181654624192,
        "annual_volatility_3_0_bps": 0.0467936331376645,
        "sharpe_ratio_3_0_bps": 170.73714569615984,
        "downside_risk_3_0_bps": 0.0,
        "sortino_ratio_3_0_bps": Infinity,
        "max_drawdown_3_0_bps": 0.0,
        "calmar_ratio_3_0_bps": NaN,
        "perc_pos_return_3_0_bps": 1.0,
        "profit_loss_ratio_3_0_bps": NaN,
        "annual_return_rescaled": 3951419080.8591805,
        "annual_volatility_rescaled": 0.1500000000000021,
        "downside_risk_rescaled": 0.0,
        "max_drawdown_rescaled": 0.0,
        "annual_return_rescaled_0_5_bps": 3948956180.407382,
        "annual_volatility_rescaled_0_5_bps": 0.1500000000000011,
        "downside_risk_rescaled_0_5_bps": 0.0,
        "max_drawdown_rescaled_0_5_bps": 0.0,
        "annual_return_rescaled_1_0_bps": 3946493444.8695,
        "annual_volatility_rescaled_1_0_bps": 0.15000000000000124,
        "downside_risk_rescaled_1_0_bps": 0.0,
        "max_drawdown_rescaled_1_0_bps": 0.0,
        "annual_return_rescaled_1_5_bps": 3944030876.0131717,
        "annual_volatility_rescaled_1_5_bps": 0.15000000000000205,
        "downside_risk_rescaled_1_5_bps": 0.0,
        "max_drawdown_rescaled_1_5_bps": 0.0,
        "annual_return_rescaled_2_0_bps": 3941568475.604109,
        "annual_volatility_rescaled_2_0_bps": 0.15000000000000208,
        "downside_risk_rescaled_2_0_bps": 0.0,
        "max_drawdown_rescaled_2_0_bps": 0.0,
        "annual_return_rescaled_2_5_bps": 3939106245.4079742,
        "annual_volatility_rescaled_2_5_bps": 0.15000000000000188,
        "downside_risk_rescaled_2_5_bps": 0.0,
        "max_drawdown_rescaled_2_5_bps": 0.0,
        "annual_return_rescaled_3_0_bps": 3936644187.1884255,
        "annual_volatility_rescaled_3_0_bps": 0.15000000000000097,
        "downside_risk_rescaled_3_0_bps": 0.0,
        "max_drawdown_rescaled_3_0_bps": 0.0,
        "sharpe_ratio_years": 158.9559712552407,
        "sharpe_ratio_years_0_5_bps": 158.95477918644715,
        "sharpe_ratio_years_1_0_bps": 158.95358556598927,
        "sharpe_ratio_years_1_5_bps": 158.95239039426627,
        "sharpe_ratio_years_2_0_bps": 158.95119367167786,
        "sharpe_ratio_years_2_5_bps": 158.94999539862428,
        "sharpe_ratio_years_3_0_bps": 158.94879557550604,
        "sharpe_ratio_years_std": 67.50583691538569,
        "sharpe_ratio_years_std_0_5_bps": 67.50355647262805,
        "sharpe_ratio_years_std_1_0_bps": 67.50127616341797,
        "sharpe_ratio_years_std_1_5_bps": 67.49899598795787,
        "sharpe_ratio_years_std_2_0_bps": 67.49671594645005,
        "sharpe_ratio_years_std_2_5_bps": 67.4944360390967,
        "sharpe_ratio_years_std_3_0_bps": 67.49215626609995
    },
    "STOCK": {
        "annual_return": 1193.2790021574783,
        "annual_volatility": 0.046792851045446504,
        "sharpe_ratio": 170.75968670009564,
        "downside_risk": 0.0,
        "sortino_ratio": Infinity,
        "max_drawdown": 0.0,
        "calmar_ratio": NaN,
        "perc_pos_return": 1.0,
        "profit_loss_ratio": NaN,
        "annual_return_0_5_bps": 1193.0520741297491,
        "annual_volatility_0_5_bps": 0.04679297921360975,
        "sharpe_ratio_0_5_bps": 170.75593479884108,
        "downside_risk_0_5_bps": 0.0,
        "sortino_ratio_0_5_bps": Infinity,
        "max_drawdown_0_5_bps": 0.0,
        "calmar_ratio_0_5_bps": NaN,
        "perc_pos_return_0_5_bps": 1.0,
        "profit_loss_ratio_0_5_bps": NaN,
        "annual_return_1_0_bps": 1192.8251948824957,
        "annual_volatility_1_0_bps": 0.04679310825403825,
        "sharpe_ratio_1_0_bps": 170.75218092401155,
        "downside_risk_1_0_bps": 0.0,
        "sortino_ratio_1_0_bps": Infinity,
        "max_drawdown_1_0_bps": 0.0,
        "calmar_ratio_1_0_bps": NaN,
        "perc_pos_return_1_0_bps": 1.0,
        "profit_loss_ratio_1_0_bps": NaN,
        "annual_return_1_5_bps": 1192.5983644039272,
        "annual_volatility_1_5_bps": 0.046793238166695,
        "sharpe_ratio_1_5_bps": 170.74842507596753,
        "downside_risk_1_5_bps": 0.0,
        "sortino_ratio_1_5_bps": Infinity,
        "max_drawdown_1_5_bps": 0.0,
        "calmar_ratio_1_5_bps": NaN,
        "perc_pos_return_1_5_bps": 1.0,
        "profit_loss_ratio_1_5_bps": NaN,
        "annual_return_2_0_bps": 1192.3715826822477,
        "annual_volatility_2_0_bps": 0.04679336895154326,
        "sharpe_ratio_2_0_bps": 170.74466725506986,
        "downside_risk_2_0_bps": 0.0,
        "sortino_ratio_2_0_bps": Infinity,
        "max_drawdown_2_0_bps": 0.0,
        "calmar_ratio_2_0_bps": NaN,
        "perc_pos_return_2_0_bps": 1.0,
        "profit_loss_ratio_2_0_bps": NaN,
        "annual_return_2_5_bps": 1192.1448497056736,
        "annual_volatility_2_5_bps": 0.04679350060854551,
        "sharpe_ratio_2_5_bps": 170.74090746168002,
        "downside_risk_2_5_bps": 0.0,
        "sortino_ratio_2_5_bps": Infinity,
        "max_drawdown_2_5_bps": 0.0,
        "calmar_ratio_2_5_bps": NaN,
        "perc_pos_return_2_5_bps": 1.0,
        "profit_loss_ratio_2_5_bps": NaN,
        "annual_return_3_0_bps": 1191.9181654624192,
        "annual_volatility_3_0_bps": 0.0467936331376645,
        "sharpe_ratio_3_0_bps": 170.73714569615984,
        "downside_risk_3_0_bps": 0.0,
        "sortino_ratio_3_0_bps": Infinity,
        "max_drawdown_3_0_bps": 0.0,
        "calmar_ratio_3_0_bps": NaN,
        "perc_pos_return_3_0_bps": 1.0,
        "profit_loss_ratio_3_0_bps": NaN,
        "annual_return_rescaled": 3951419080.8591805,
        "annual_volatility_rescaled": 0.1500000000000021,
        "downside_risk_rescaled": 0.0,