{
    "ALL": {
        "annual_return": 0.13521667830419629,
        "annual_volatility": 0.16081393280856474,
        "sharpe_ratio": 0.4538709790026448,
        "downside_risk": 0.11416157231296625,
        "sortino_ratio": 0.682752964761373,
        "max_drawdown": 0.14360577966226476,
        "calmar_ratio": 0.9801996272219744,
        "perc_pos_return": 0.5431381402384761,
        "profit_loss_ratio": 0.9213919438075878,
        "annual_return_0_5_bps": 0.1320380926321435,
        "annual_volatility_0_5_bps": 0.160815150365054,
        "sharpe_ratio_0_5_bps": 0.4398636816590868,
        "downside_risk_0_5_bps": 0.11424095066902601,
        "sortino_ratio_0_5_bps": 0.66244005512864,
        "max_drawdown_0_5_bps": 0.144252646071612,
        "calmar_ratio_0_5_bps": 0.9494461330348001,
        "perc_pos_return_0_5_bps": 0.5421421243022211,
        "profit_loss_ratio_0_5_bps": 0.9225571519866085,
        "annual_return_1_0_bps": 0.1288759146399005,
        "annual_volatility_1_0_bps": 0.16081638627198727,
        "sharpe_ratio_1_0_bps": 0.4258565625079242,
        "downside_risk_1_0_bps": 0.1143203894030525,
        "sortino_ratio_1_0_bps": 0.6421628441510293,
        "max_drawdown_1_0_bps": 0.14489880795137577,
        "calmar_ratio_1_0_bps": 0.9193234378262659,
        "perc_pos_return_1_0_bps": 0.5421421243022211,
        "profit_loss_ratio_1_0_bps": 0.9202845022309689,
        "annual_return_1_5_bps": 0.125730041926493,
        "annual_volatility_1_5_bps": 0.16081764052888425,
        "sharpe_ratio_1_5_bps": 0.4118496269964457,
        "downside_risk_1_5_bps": 0.114399888360227,
        "sortino_ratio_1_5_bps": 0.621921264296985,
        "max_drawdown_1_5_bps": 0.14554426617799401,
        "calmar_ratio_1_5_bps": 0.8898128346236422,
        "perc_pos_return_1_5_bps": 0.5421421243022211,
        "profit_loss_ratio_1_5_bps": 0.9180186350177459,
        "annual_return_2_0_bps": 0.12260037275281602,
        "annual_volatility_2_0_bps": 0.1608189131352545,
        "sharpe_ratio_2_0_bps": 0.3978428805714638,
        "downside_risk_2_0_bps": 0.11447944734399326,
        "sortino_ratio_2_0_bps": 0.6017152472204279,
        "max_drawdown_2_0_bps": 0.14618902162677527,
        "calmar_ratio_2_0_bps": 0.8608963513963656,
        "perc_pos_return_2_0_bps": 0.5421421243022211,
        "profit_loss_ratio_2_0_bps": 0.9157595156382996,
        "annual_return_2_5_bps": 0.11948680603733701,
        "annual_volatility_2_5_bps": 0.16082020409059902,
        "sharpe_ratio_2_5_bps": 0.3838363286793005,
        "downside_risk_2_5_bps": 0.1145590661585535,
        "sortino_ratio_2_5_bps": 0.581544724516462,
        "max_drawdown_2_5_bps": 0.1468330751719005,
        "calmar_ratio_2_5_bps": 0.8325567151467206,
        "perc_pos_return_2_5_bps": 0.5421421243022211,
        "profit_loss_ratio_2_5_bps": 0.9135071096394585,
        "annual_return_3_0_bps": 0.11638924135183852,
        "annual_volatility_3_0_bps": 0.16082151339440529,
        "sharpe_ratio_3_0_bps": 0.36982997676576934,
        "downside_risk_3_0_bps": 0.11463874460886525,
        "sortino_ratio_3_0_bps": 0.5614096277243046,
        "max_drawdown_3_0_bps": 0.147476427686425,
        "calmar_ratio_3_0_bps": 0.8047773180909461,
        "perc_pos_return_3_0_bps": 0.5421421243022211,
        "profit_loss_ratio_3_0_bps": 0.911261382821065,
        "annual_return_rescaled": 0.1258279846686061,
        "annual_volatility_rescaled": 0.15000000000000016,
        "downside_risk_rescaled": 0.1064847774560053,
        "max_drawdown_rescaled": 0.1343445747936059,
        "annual_return_rescaled_0_5_bps": 0.12290859653293296,
        "annual_volatility_rescaled_0_5_bps": 0.15000000000000052,
        "downside_risk_rescaled_0_5_bps": 0.1065580112411953,
        "max_drawdown_rescaled_0_5_bps": 0.1349534481350313,
        "annual_return_rescaled_1_0_bps": 0.12000324492950384,
        "annual_volatility_rescaled_1_0_bps": 0.15000000000000016,
        "downside_risk_rescaled_1_0_bps": 0.10663128806697311,
        "max_drawdown_rescaled_1_0_bps": 0.13556167937866961,
        "annual_return_rescaled_1_5_bps": 0.11711184891672449,
        "annual_volatility_rescaled_1_5_bps": 0.15000000000000002,
        "downside_risk_rescaled_1_5_bps": 0.10670460776317645,
        "max_drawdown_rescaled_1_5_bps": 0.13616926909325097,
        "annual_return_rescaled_2_0_bps": 0.1142343280304528,
        "annual_volatility_rescaled_2_0_bps": 0.15000000000000058,
        "downside_risk_rescaled_2_0_bps": 0.10677797012069636,
        "max_drawdown_rescaled_2_0_bps": 0.13677621784738953,
        "annual_return_rescaled_2_5_bps": 0.11137060228122181,
        "annual_volatility_rescaled_2_5_bps": 0.1500000000000003,
        "downside_risk_rescaled_2_5_bps": 0.1068513749311154,
        "max_drawdown_rescaled_2_5_bps": 0.13738252620959424,
        "annual_return_rescaled_3_0_bps": 0.10852059215153395,
        "annual_volatility_rescaled_3_0_bps": 0.1500000000000003,
        "downside_risk_rescaled_3_0_bps": 0.10692482198670843,
        "max_drawdown_rescaled_3_0_bps": 0.13798819474826093,
        "sharpe_ratio_years": 0.4538709790026448,
        "sharpe_ratio_years_0_5_bps": 0.4398636816590868,
        "sharpe_ratio_years_1_0_bps": 0.4258565625079242,
        "sharpe_ratio_years_1_5_bps": 0.4118496269964457,
        "sharpe_ratio_years_2_0_bps": 0.3978428805714638,
        "sharpe_ratio_years_2_5_bps": 0.3838363286793005,
        "sharpe_ratio_years_3_0_bps": 0.36982997676576934,
        "sharpe_ratio_years_std": 0.8999883295306469,
        "sharpe_ratio_years_std_0_5_bps": 0.8987401674865166,
        "sharpe_ratio_years_std_1_0_bps": 0.8975591617328845,
        "sharpe_ratio_years_std_1_5_bps": 0.8964455793498339,
        "sharpe_ratio_years_std_2_0_bps": 0.8953996733326627,
        "sharpe_ratio_years_std_2_5_bps": 0.8944216823131523,
        "sharpe_ratio_years_std_3_0_bps": 0.8935118302944675
    },
    "STOCK": {
        "annual_return": 0.13521667830419629,
        "annual_volatility": 0.16081393280856474,
        "sharpe_ratio": 0.4538709790026448,
        "downside_risk": 0.11416157231296625,
        "sortino_ratio": 0.682752964761373,
        "max_drawdown": 0.14360577966226476,
        "calmar_ratio": 0.9801996272219744,
        "perc_pos_return": 0.5431381402384761,
        "profit_loss_ratio": 0.9213919438075878,
        "annual_return_0_5_bps": 0.1320380926321435,
        "annual_volatility_0_5_bps": 0.160815150365054,
        "sharpe_ratio_0_5_bps": 0.4398636816590868,
        "downside_risk_0_5_bps": 0.11424095066902601,
        "sortino_ratio_0_5_bps": 0.66244005512864,
        "max_drawdown_0_5_bps": 0.144252646071612,
        "calmar_ratio_0_5_bps": 0.9494461330348001,
        "perc_pos_return_0_5_bps": 0.5421421243022211,
        "profit_loss_ratio_0_5_bps": 0.9225571519866085,
        "annual_return_1_0_bps": 0.1288759146399005,
        "annual_volatility_1_0_bps": 0.16081638627198727,
        "sharpe_ratio_1_0_bps": 0.4258565625079242,
        "downside_risk_1_0_bps": 0.1143203894030525,
        "sortino_ratio_1_0_bps": 0.6421628441510293,
        "max_drawdown_1_0_bps": 0.14489880795137577,
        "calmar_ratio_1_0_bps": 0.9193234378262659,
        "perc_pos_return_1_0_bps": 0.5421421243022211,
        "profit_loss_ratio_1_0_bps": 0.9202845022309689,
        "annual_return_1_5_bps": 0.125730041926493,
        "annual_volatility_1_5_bps": 0.16081764052888425,
        "sharpe_ratio_1_5_bps": 0.4118496269964457,
        "downside_risk_1_5_bps": 0.114399888360227,
        "sortino_ratio_1_5_bps": 0.621921264296985,
        "max_drawdown_1_5_bps": 0.14554426617799401,
        "calmar_ratio_1_5_bps": 0.8898128346236422,
        "perc_pos_return_1_5_bps": 0.5421421243022211,
        "profit_loss_ratio_1_5_bps": 0.9180186350177459,
        "annual_return_2_0_bps": 0.12260037275281602,
        "annual_volatility_2_0_bps": 0.1608189131352545,
        "sharpe_ratio_2_0_bps": 0.3978428805714638,