{
    "ALL": {
        "annual_return": 0.0058526047935982504,
        "annual_volatility": 0.23782724296701602,
        "sharpe_ratio": 0.27911970990685525,
        "downside_risk": 0.17118720220087225,
        "sortino_ratio": 0.46003138799979626,
        "max_drawdown": 0.25048633008775373,
        "calmar_ratio": 0.5394295275779256,
        "perc_pos_return": 0.5142333116780266,
        "profit_loss_ratio": 1.0104218647197176,
        "annual_return_0_5_bps": 0.004148990430209998,
        "annual_volatility_0_5_bps": 0.23782803675792252,
        "sharpe_ratio_0_5_bps": 0.26933650699496203,
        "downside_risk_0_5_bps": 0.1712370620408625,
        "sortino_ratio_0_5_bps": 0.4455222597061247,
        "max_drawdown_0_5_bps": 0.2509896292702795,
        "calmar_ratio_0_5_bps": 0.5268819226514309,
        "perc_pos_return_0_5_bps": 0.5132372957417718,
        "profit_loss_ratio_0_5_bps": 1.0130856515720454,
        "annual_return_1_0_bps": 0.002448525713526753,
        "annual_volatility_1_0_bps": 0.2378288430359075,
        "sharpe_ratio_1_0_bps": 0.25955281733831,
        "downside_risk_1_0_bps": 0.17128695022040552,
        "sortino_ratio_1_0_bps": 0.4310288675272018,
        "max_drawdown_1_0_bps": 0.2514922455047453,
        "calmar_ratio_1_0_bps": 0.5144359823533794,
        "perc_pos_return_1_0_bps": 0.5132372957417718,
        "profit_loss_ratio_1_0_bps": 1.0112952580509542,
        "annual_return_1_5_bps": 0.0007512045008299979,
        "annual_volatility_1_5_bps": 0.23782966180109025,
        "sharpe_ratio_1_5_bps": 0.2497686434940675,
        "downside_risk_1_5_bps": 0.17133686674407578,
        "sortino_ratio_1_5_bps": 0.41655119756615105,
        "max_drawdown_1_5_bps": 0.2519941799683498,
        "calmar_ratio_1_5_bps": 0.5020898882923518,
        "perc_pos_return_1_5_bps": 0.5122412798055167,
        "profit_loss_ratio_1_5_bps": 1.014028678786358,
        "annual_return_2_0_bps": -0.0009429793382287491,
        "annual_volatility_2_0_bps": 0.23783049305358628,
        "sharpe_ratio_2_0_bps": 0.239983988020712,
        "downside_risk_2_0_bps": 0.171386811600427,
        "sortino_ratio_2_0_bps": 0.40208923583524997,
        "max_drawdown_2_0_bps": 0.2524954338361333,
        "calmar_ratio_2_0_bps": 0.48984187498112397,
        "perc_pos_return_2_0_bps": 0.5122412798055167,
        "profit_loss_ratio_2_0_bps": 1.0122396566875969,
        "annual_return_2_5_bps": -0.002634031921660254,
        "annual_volatility_2_5_bps": 0.2378313367935105,
        "sharpe_ratio_2_5_bps": 0.23019885347802224,
        "downside_risk_2_5_bps": 0.1714367847802015,
        "sortino_ratio_2_5_bps": 0.38764296825741,
        "max_drawdown_2_5_bps": 0.2529960082809878,
        "calmar_ratio_2_5_bps": 0.47769022783239956,
        "perc_pos_return_2_5_bps": 0.5112372637412598,
        "profit_loss_ratio_2_5_bps": 1.0145888386904571,
        "annual_return_3_0_bps": -0.0043219593551645,
        "annual_volatility_3_0_bps": 0.23783219302097452,
        "sharpe_ratio_3_0_bps": 0.22041324242707877,
        "downside_risk_3_0_bps": 0.17148678637475975,
        "sortino_ratio_3_0_bps": 0.37321238075326496,
        "max_drawdown_3_0_bps": 0.253495904473658,
        "calmar_ratio_3_0_bps": 0.4656332812462187,
        "perc_pos_return_3_0_bps": 0.5102452002491963,
        "profit_loss_ratio_3_0_bps": 1.0174737119927029,
        "annual_return_rescaled": 0.009966337866908759,
        "annual_volatility_rescaled": 0.1500000000000002,
        "downside_risk_rescaled": 0.1079694656078241,
        "max_drawdown_rescaled": 0.16868217767775862,
        "annual_return_rescaled_0_5_bps": 0.008877437774081454,
        "annual_volatility_rescaled_0_5_bps": 0.15000000000000022,
        "downside_risk_rescaled_0_5_bps": 0.10800055223209,
        "max_drawdown_rescaled_0_5_bps": 0.16904710838425166,
        "annual_return_rescaled_1_0_bps": 0.0077898271584724565,
        "annual_volatility_rescaled_1_0_bps": 0.1500000000000003,
        "downside_risk_rescaled_1_0_bps": 0.108031650850615,
        "max_drawdown_rescaled_1_0_bps": 0.16941171337241043,
        "annual_return_rescaled_1_5_bps": 0.00670350457127053,
        "annual_volatility_rescaled_1_5_bps": 0.1500000000000001,
        "downside_risk_rescaled_1_5_bps": 0.10806276146120983,
        "max_drawdown_rescaled_1_5_bps": 0.16977599294817838,
        "annual_return_rescaled_2_0_bps": 0.005618468564967338,
        "annual_volatility_rescaled_2_0_bps": 0.15000000000000024,
        "downside_risk_rescaled_2_0_bps": 0.10809388405157852,
        "max_drawdown_rescaled_2_0_bps": 0.17013994741726757,
        "annual_return_rescaled_2_5_bps": 0.004534717693360446,
        "annual_volatility_rescaled_2_5_bps": 0.1500000000000002,
        "downside_risk_rescaled_2_5_bps": 0.1081250186108022,
        "max_drawdown_rescaled_2_5_bps": 0.17050357708515823,
        "annual_return_rescaled_3_0_bps": 0.003452250511554844,
        "annual_volatility_rescaled_3_0_bps": 0.15000000000000016,
        "downside_risk_rescaled_3_0_bps": 0.108156165191419,
        "max_drawdown_rescaled_3_0_bps": 0.17086688225709476,
        "sharpe_ratio_years": 0.27911970990685525,
        "sharpe_ratio_years_0_5_bps": 0.26933650699496203,
        "sharpe_ratio_years_1_0_bps": 0.25955281733831,
        "sharpe_ratio_years_1_5_bps": 0.2497686434940675,
        "sharpe_ratio_years_2_0_bps": 0.239983988020712,
        "sharpe_ratio_years_2_5_bps": 0.23019885347802224,
        "sharpe_ratio_years_3_0_bps": 0.22041324242707877,
        "sharpe_ratio_years_std": 0.704163645956082,
        "sharpe_ratio_years_std_0_5_bps": 0.7035532825484524,
        "sharpe_ratio_years_std_1_0_bps": 0.7029692337066948,
        "sharpe_ratio_years_std_1_5_bps": 0.7024115807848107,
        "sharpe_ratio_years_std_2_0_bps": 0.7018804023684325,
        "sharpe_ratio_years_std_2_5_bps": 0.7013757742341079,
        "sharpe_ratio_years_std_3_0_bps": 0.7008977693098926
    },
    "STOCK": {
        "annual_return": 0.0058526047935982504,
        "annual_volatility": 0.23782724296701602,
        "sharpe_ratio": 0.27911970990685525,
        "downside_risk": 0.17118720220087225,
        "sortino_ratio": 0.46003138799979626,
        "max_drawdown": 0.25048633008775373,
        "calmar_ratio": 0.5394295275779256,
        "perc_pos_return": 0.5142333116780266,
        "profit_loss_ratio": 1.0104218647197176,
        "annual_return_0_5_bps": 0.004148990430209998,
        "annual_volatility_0_5_bps": 0.23782803675792252,
        "sharpe_ratio_0_5_bps": 0.26933650699496203,
        "downside_risk_0_5_bps": 0.1712370620408625,
        "sortino_ratio_0_5_bps": 0.4455222597061247,
        "max_drawdown_0_5_bps": 0.2509896292702795,
        "calmar_ratio_0_5_bps": 0.5268819226514309,
        "perc_pos_return_0_5_bps": 0.5132372957417718,
        "profit_loss_ratio_0_5_bps": 1.0130856515720454,
        "annual_return_1_0_bps": 0.002448525713526753,
        "annual_volatility_1_0_bps": 0.2378288430359075,
        "sharpe_ratio_1_0_bps": 0.25955281733831,
        "downside_risk_1_0_bps": 0.17128695022040552,
        "sortino_ratio_1_0_bps": 0.4310288675272018,
        "max_drawdown_1_0_bps": 0.2514922455047453,
        "calmar_ratio_1_0_bps": 0.5144359823533794,
        "perc_pos_return_1_0_bps": 0.5132372957417718,
        "profit_loss_ratio_1_0_bps": 1.0112952580509542,
        "annual_return_1_5_bps": 0.0007512045008299979,
        "annual_volatility_1_5_bps": 0.23782966180109025,
        "sharpe_ratio_1_5_bps": 0.2497686434940675,
        "downside_risk_1_5_bps": 0.17133686674407578,
        "sortino_ratio_1_5_bps": 0.41655119756615105,
        "max_drawdown_1_5_bps": 0.2519941799683498,
        "calmar_ratio_1_5_bps": 0.5020898882923518,
        "perc_pos_return_1_5_bps": 0.5122412798055167,
        "profit_loss_ratio_1_5_bps": 1.014028678786358,
        "annual_return_2_0_bps": -0.0009429793382287491,
        "annual_volatility_2_0_bps": 0.23783049305358628,
        "sharpe_ratio_2_0_bps": 0.239983988020712,