{
    "ALL": {
        "performance_sw": -0.5204612969414121,
        "performance_fw": -0.594750031819029,
        "val_loss": 2.639806874493407,
        "annual_return_2022_2023": -0.19153844713141244,
        "annual_volatility_2022_2023": 0.3142201973048096,
        "sharpe_ratio_2022_2023": -0.5204612969414115,
        "downside_risk_2022_2023": 0.21531873641099014,
        "sortino_ratio_2022_2023": -0.7595226227888089,
        "max_drawdown_2022_2023": 0.32698645816581207,
        "calmar_ratio_2022_2023": -0.5857687446930445,
        "perc_pos_return_2022_2023": 0.4541832669322709,
        "profit_loss_ratio_2022_2023": 1.0997796022278354,
        "sharpe_ratio_2022": -0.5204612969414115,
        "annual_return_2022_2023_0_5_bps": -0.19342291473669804,
        "annual_volatility_2022_2023_0_5_bps": 0.3142248619290208,
        "sharpe_ratio_2022_2023_0_5_bps": -0.52786840792574,
        "downside_risk_2022_2023_0_5_bps": 0.21539810751557537,
        "sortino_ratio_2022_2023_0_5_bps": -0.7700595864574329,
        "max_drawdown_2022_2023_0_5_bps": 0.32826995536282566,
        "calmar_ratio_2022_2023_0_5_bps": -0.5892190606445059,
        "perc_pos_return_2022_2023_0_5_bps": 0.450199203187251,
        "profit_loss_ratio_2022_2023_0_5_bps": 1.1162034654144064,
        "sharpe_ratio_2022_0_5_bps": -0.52786840792574,
        "annual_return_2022_2023_1_0_bps": -0.19530301186093335,
        "annual_volatility_2022_2023_1_0_bps": 0.3142295448830519,
        "sharpe_ratio_2022_2023_1_0_bps": -0.5352752677742864,
        "downside_risk_2022_2023_1_0_bps": 0.2154775206709556,
        "sortino_ratio_2022_2023_1_0_bps": -0.7805886352141392,
        "max_drawdown_2022_2023_1_0_bps": 0.3295510206547294,
        "calmar_ratio_2022_2023_1_0_bps": -0.5926336124613382,
        "perc_pos_return_2022_2023_1_0_bps": 0.450199203187251,
        "profit_loss_ratio_2022_2023_1_0_bps": 1.1147984337120183,
        "sharpe_ratio_2022_1_0_bps": -0.5352752677742864,
        "annual_return_2022_2023_1_5_bps": -0.19717874858907802,
        "annual_volatility_2022_2023_1_5_bps": 0.31423424616608353,
        "sharpe_ratio_2022_2023_1_5_bps": -0.5426818752035304,
        "downside_risk_2022_2023_1_5_bps": 0.21555697599448653,
        "sortino_ratio_2022_2023_1_5_bps": -0.7911097712139908,
        "max_drawdown_2022_2023_1_5_bps": 0.33082965861942965,
        "calmar_ratio_2022_2023_1_5_bps": -0.5960129131466501,
        "perc_pos_return_2022_2023_1_5_bps": 0.44621513944223107,
        "profit_loss_ratio_2022_2023_1_5_bps": 1.1314765267863605,
        "sharpe_ratio_2022_1_5_bps": -0.5426818752035304,
        "annual_return_2022_2023_2_0_bps": -0.19905013498293,
        "annual_volatility_2022_2023_2_0_bps": 0.314238965777293,
        "sharpe_ratio_2022_2023_2_0_bps": -0.5500882289301976,
        "downside_risk_2022_2023_2_0_bps": 0.21563647353926077,
        "sortino_ratio_2022_2023_2_0_bps": -0.8016229968341406,
        "max_drawdown_2022_2023_2_0_bps": 0.3321058738262688,
        "calmar_ratio_2022_2023_2_0_bps": -0.5993574660081353,
        "perc_pos_return_2022_2023_2_0_bps": 0.44621513944223107,
        "profit_loss_ratio_2022_2023_2_0_bps": 1.1300527572279986,
        "sharpe_ratio_2022_2_0_bps": -0.5500882289301976,
        "annual_return_2022_2023_2_5_bps": -0.20091718108119472,
        "annual_volatility_2022_2023_2_5_bps": 0.3142437037158545,
        "sharpe_ratio_2022_2023_2_5_bps": -0.5574943276712637,
        "downside_risk_2022_2023_2_5_bps": 0.2157160132829694,
        "sortino_ratio_2022_2023_2_5_bps": -0.8121283147310472,
        "max_drawdown_2022_2023_2_5_bps": 0.33337967083604525,
        "calmar_ratio_2022_2023_2_5_bps": -0.6026677648860148,
        "perc_pos_return_2022_2023_2_5_bps": 0.44621513944223107,
        "profit_loss_ratio_2022_2023_2_5_bps": 1.1286308733634438,
        "sharpe_ratio_2022_2_5_bps": -0.5574943276712637,
        "annual_return_2022_2023_3_0_bps": -0.20277989689952935,
        "annual_volatility_2022_2023_3_0_bps": 0.31424845998093903,
        "sharpe_ratio_2022_2023_3_0_bps": -0.5649001701439553,
        "downside_risk_2022_2023_3_0_bps": 0.21579559517895047,
        "sortino_ratio_2022_2023_3_0_bps": -0.8226257276637141,
        "max_drawdown_2022_2023_3_0_bps": 0.3346510542010317,
        "calmar_ratio_2022_2023_3_0_bps": -0.6059442943745079,
        "perc_pos_return_2022_2023_3_0_bps": 0.44621513944223107,
        "profit_loss_ratio_2022_2023_3_0_bps": 1.1272108714489495,
        "sharpe_ratio_2022_3_0_bps": -0.5649001701439553
    },
    "STOCK": {
        "annual_return_2022_2023": -0.19153844713141244,
        "annual_volatility_2022_2023": 0.3142201973048096,
        "sharpe_ratio_2022_2023": -0.5204612969414115,
        "downside_risk_2022_2023": 0.21531873641099014,
        "sortino_ratio_2022_2023": -0.7595226227888089,
        "max_drawdown_2022_2023": 0.32698645816581207,
        "calmar_ratio_2022_2023": -0.5857687446930445,
        "perc_pos_return_2022_2023": 0.4541832669322709,
        "profit_loss_ratio_2022_2023": 1.0997796022278354,
        "sharpe_ratio_2022": -0.5204612969414115,
        "annual_return_2022_2023_0_5_bps": -0.19342291473669804,
        "annual_volatility_2022_2023_0_5_bps": 0.3142248619290208,
        "sharpe_ratio_2022_2023_0_5_bps": -0.52786840792574,
        "downside_risk_2022_2023_0_5_bps": 0.21539810751557537,
        "sortino_ratio_2022_2023_0_5_bps": -0.7700595864574329,
        "max_drawdown_2022_2023_0_5_bps": 0.32826995536282566,
        "calmar_ratio_2022_2023_0_5_bps": -0.5892190606445059,
        "perc_pos_return_2022_2023_0_5_bps": 0.450199203187251,
        "profit_loss_ratio_2022_2023_0_5_bps": 1.1162034654144064,
        "sharpe_ratio_2022_0_5_bps": -0.52786840792574,
        "annual_return_2022_2023_1_0_bps": -0.19530301186093335,
        "annual_volatility_2022_2023_1_0_bps": 0.3142295448830519,
        "sharpe_ratio_2022_2023_1_0_bps": -0.5352752677742864,
        "downside_risk_2022_2023_1_0_bps": 0.2154775206709556,
        "sortino_ratio_2022_2023_1_0_bps": -0.7805886352141392,
        "max_drawdown_2022_2023_1_0_bps": 0.3295510206547294,
        "calmar_ratio_2022_2023_1_0_bps": -0.5926336124613382,
        "perc_pos_return_2022_2023_1_0_bps": 0.450199203187251,
        "profit_loss_ratio_2022_2023_1_0_bps": 1.1147984337120183,
        "sharpe_ratio_2022_1_0_bps": -0.5352752677742864,
        "annual_return_2022_2023_1_5_bps": -0.19717874858907802,
        "annual_volatility_2022_2023_1_5_bps": 0.31423424616608353,
        "sharpe_ratio_2022_2023_1_5_bps": -0.5426818752035304,
        "downside_risk_2022_2023_1_5_bps": 0.21555697599448653,
        "sortino_ratio_2022_2023_1_5_bps": -0.7911097712139908,
        "max_drawdown_2022_2023_1_5_bps": 0.33082965861942965,
        "calmar_ratio_2022_2023_1_5_bps": -0.5960129131466501,
        "perc_pos_return_2022_2023_1_5_bps": 0.44621513944223107,
        "profit_loss_ratio_2022_2023_1_5_bps": 1.1314765267863605,
        "sharpe_ratio_2022_1_5_bps": -0.5426818752035304,
        "annual_return_2022_2023_2_0_bps": -0.19905013498293,
        "annual_volatility_2022_2023_2_0_bps": 0.314238965777293,
        "sharpe_ratio_2022_2023_2_0_bps": -0.5500882289301976,
        "downside_risk_2022_2023_2_0_bps": 0.21563647353926077,
        "sortino_ratio_2022_2023_2_0_bps": -0.8016229968341406,
        "max_drawdown_2022_2023_2_0_bps": 0.3321058738262688,
        "calmar_ratio_2022_2023_2_0_bps": -0.5993574660081353,
        "perc_pos_return_2022_2023_2_0_bps": 0.44621513944223107,
        "profit_loss_ratio_2022_2023_2_0_bps": 1.1300527572279986,
        "sharpe_ratio_2022_2_0_bps": -0.5500882289301976,
        "annual_return_2022_2023_2_5_bps": -0.20091718108119472,
        "annual_volatility_2022_2023_2_5_bps": 0.3142437037158545,
        "sharpe_ratio_2022_2023_2_5_bps": -0.5574943276712637,
        "downside_risk_2022_2023_2_5_bps": 0.2157160132829694,
        "sortino_ratio_2022_2023_2_5_bps": -0.8121283147310472,