{
    "ALL": {
        "performance_sw": -0.4651920116537934,
        "performance_fw": -0.5230833280752013,
        "val_loss": 2.657453783876108,
        "annual_return_2022_2023": -0.0672195537348026,
        "annual_volatility_2022_2023": 0.1311938509021594,
        "sharpe_ratio_2022_2023": -0.46519201165379326,
        "downside_risk_2022_2023": 0.08757822150732596,
        "sortino_ratio_2022_2023": -0.6968665310550766,
        "max_drawdown_2022_2023": 0.13336015711706523,
        "calmar_ratio_2022_2023": -0.5040452500051903,
        "perc_pos_return_2022_2023": 0.41434262948207173,
        "profit_loss_ratio_2022_2023": 1.3034705776740714,
        "sharpe_ratio_2022": -0.46519201165379326,
        "annual_return_2022_2023_0_5_bps": -0.0683843277432239,
        "annual_volatility_2022_2023_0_5_bps": 0.13119655619213821,
        "sharpe_ratio_2022_2023_0_5_bps": -0.4747006477933861,
        "downside_risk_2022_2023_0_5_bps": 0.08762215644994305,
        "sortino_ratio_2022_2023_0_5_bps": -0.7107687454399539,
        "max_drawdown_2022_2023_0_5_bps": 0.13418048843958558,
        "calmar_ratio_2022_2023_0_5_bps": -0.5096443494764424,
        "perc_pos_return_2022_2023_0_5_bps": 0.41434262948207173,
        "profit_loss_ratio_2022_2023_0_5_bps": 1.3013256899270462,
        "sharpe_ratio_2022_0_5_bps": -0.4747006477933861,
        "annual_return_2022_2023_1_0_bps": -0.06954765358208925,
        "annual_volatility_2022_2023_1_0_bps": 0.13119926577650662,
        "sharpe_ratio_2022_2023_1_0_bps": -0.4842088759534138,
        "downside_risk_2022_2023_1_0_bps": 0.08766611555619815,
        "sortino_ratio_2022_2023_1_0_bps": -0.7246568255534385,
        "max_drawdown_2022_2023_1_0_bps": 0.13500004780058247,
        "calmar_ratio_2022_2023_1_0_bps": -0.5151676219020508,
        "perc_pos_return_2022_2023_1_0_bps": 0.41434262948207173,
        "profit_loss_ratio_2022_2023_1_0_bps": 1.299184836933168,
        "sharpe_ratio_2022_1_0_bps": -0.4842088759534138,
        "annual_return_2022_2023_1_5_bps": -0.07070953304408567,
        "annual_volatility_2022_2023_1_5_bps": 0.13120197965499858,
        "sharpe_ratio_2022_2023_1_5_bps": -0.49371669522650846,
        "downside_risk_2022_2023_1_5_bps": 0.08771009878975981,
        "sortino_ratio_2022_2023_1_5_bps": -0.7385307814748943,
        "max_drawdown_2022_2023_1_5_bps": 0.1358188359222312,
        "calmar_ratio_2022_2023_1_5_bps": -0.5206165445606779,
        "perc_pos_return_2022_2023_1_5_bps": 0.41434262948207173,
        "profit_loss_ratio_2022_2023_1_5_bps": 1.2970480073184585,
        "sharpe_ratio_2022_1_5_bps": -0.49371669522650846,
        "annual_return_2022_2023_2_0_bps": -0.07186996791969924,
        "annual_volatility_2022_2023_2_0_bps": 0.1312046978273476,
        "sharpe_ratio_2022_2023_2_0_bps": -0.5032241047055371,
        "downside_risk_2022_2023_2_0_bps": 0.08775410611434949,
        "sortino_ratio_2022_2023_2_0_bps": -0.7523906233093187,
        "max_drawdown_2022_2023_2_0_bps": 0.1366368535260405,
        "calmar_ratio_2022_2023_2_0_bps": -0.5259925566567745,
        "perc_pos_return_2022_2023_2_0_bps": 0.41434262948207173,
        "profit_loss_ratio_2022_2023_2_0_bps": 1.2949151897516538,
        "sharpe_ratio_2022_2_0_bps": -0.5032241047055371,
        "annual_return_2022_2023_2_5_bps": -0.07302895999720438,
        "annual_volatility_2022_2023_2_5_bps": 0.1312074202932868,
        "sharpe_ratio_2022_2023_2_5_bps": -0.5127311034836012,
        "downside_risk_2022_2023_2_5_bps": 0.08779813749374152,
        "sortino_ratio_2022_2023_2_5_bps": -0.76623636118715,
        "max_drawdown_2022_2023_2_5_bps": 0.13745410133284608,
        "calmar_ratio_2022_2023_2_5_bps": -0.5312970605392431,
        "perc_pos_return_2022_2023_2_5_bps": 0.41434262948207173,
        "profit_loss_ratio_2022_2023_2_5_bps": 1.2927863729439968,
        "sharpe_ratio_2022_2_5_bps": -0.5127311034836012,
        "annual_return_2022_2023_3_0_bps": -0.07418651106267127,
        "annual_volatility_2022_2023_3_0_bps": 0.13121014705254896,
        "sharpe_ratio_2022_2023_3_0_bps": -0.522237690654036,
        "downside_risk_2022_2023_3_0_bps": 0.0878421928917631,
        "sortino_ratio_2022_2023_3_0_bps": -0.7800680052640739,
        "max_drawdown_2022_2023_3_0_bps": 0.1382705800628129,
        "calmar_ratio_2022_2023_3_0_bps": -0.5365314228736885,
        "perc_pos_return_2022_2023_3_0_bps": 0.41434262948207173,
        "profit_loss_ratio_2022_2023_3_0_bps": 1.2906615456490445,
        "sharpe_ratio_2022_3_0_bps": -0.522237690654036
    },
    "STOCK": {
        "annual_return_2022_2023": -0.0672195537348026,
        "annual_volatility_2022_2023": 0.1311938509021594,
        "sharpe_ratio_2022_2023": -0.46519201165379326,
        "downside_risk_2022_2023": 0.08757822150732596,
        "sortino_ratio_2022_2023": -0.6968665310550766,
        "max_drawdown_2022_2023": 0.13336015711706523,
        "calmar_ratio_2022_2023": -0.5040452500051903,
        "perc_pos_return_2022_2023": 0.41434262948207173,
        "profit_loss_ratio_2022_2023": 1.3034705776740714,
        "sharpe_ratio_2022": -0.46519201165379326,
        "annual_return_2022_2023_0_5_bps": -0.0683843277432239,
        "annual_volatility_2022_2023_0_5_bps": 0.13119655619213821,
        "sharpe_ratio_2022_2023_0_5_bps": -0.4747006477933861,
        "downside_risk_2022_2023_0_5_bps": 0.08762215644994305,
        "sortino_ratio_2022_2023_0_5_bps": -0.7107687454399539,
        "max_drawdown_2022_2023_0_5_bps": 0.13418048843958558,
        "calmar_ratio_2022_2023_0_5_bps": -0.5096443494764424,
        "perc_pos_return_2022_2023_0_5_bps": 0.41434262948207173,
        "profit_loss_ratio_2022_2023_0_5_bps": 1.3013256899270462,
        "sharpe_ratio_2022_0_5_bps": -0.4747006477933861,
        "annual_return_2022_2023_1_0_bps": -0.06954765358208925,
        "annual_volatility_2022_2023_1_0_bps": 0.13119926577650662,
        "sharpe_ratio_2022_2023_1_0_bps": -0.4842088759534138,
        "downside_risk_2022_2023_1_0_bps": 0.08766611555619815,
        "sortino_ratio_2022_2023_1_0_bps": -0.7246568255534385,
        "max_drawdown_2022_2023_1_0_bps": 0.13500004780058247,
        "calmar_ratio_2022_2023_1_0_bps": -0.5151676219020508,
        "perc_pos_return_2022_2023_1_0_bps": 0.41434262948207173,
        "profit_loss_ratio_2022_2023_1_0_bps": 1.299184836933168,
        "sharpe_ratio_2022_1_0_bps": -0.4842088759534138,
        "annual_return_2022_2023_1_5_bps": -0.07070953304408567,
        "annual_volatility_2022_2023_1_5_bps": 0.13120197965499858,
        "sharpe_ratio_2022_2023_1_5_bps": -0.49371669522650846,
        "downside_risk_2022_2023_1_5_bps": 0.08771009878975981,
        "sortino_ratio_2022_2023_1_5_bps": -0.7385307814748943,
        "max_drawdown_2022_2023_1_5_bps": 0.1358188359222312,
        "calmar_ratio_2022_2023_1_5_bps": -0.5206165445606779,
        "perc_pos_return_2022_2023_1_5_bps": 0.41434262948207173,
        "profit_loss_ratio_2022_2023_1_5_bps": 1.2970480073184585,
        "sharpe_ratio_2022_1_5_bps": -0.49371669522650846,
        "annual_return_2022_2023_2_0_bps": -0.07186996791969924,
        "annual_volatility_2022_2023_2_0_bps": 0.1312046978273476,
        "sharpe_ratio_2022_2023_2_0_bps": -0.5032241047055371,
        "downside_risk_2022_2023_2_0_bps": 0.08775410611434949,
        "sortino_ratio_2022_2023_2_0_bps": -0.7523906233093187,
        "max_drawdown_2022_2023_2_0_bps": 0.1366368535260405,
        "calmar_ratio_2022_2023_2_0_bps": -0.5259925566567745,
        "perc_pos_return_2022_2023_2_0_bps": 0.41434262948207173,
        "profit_loss_ratio_2022_2023_2_0_bps": 1.2949151897516538,
        "sharpe_ratio_2022_2_0_bps": -0.5032241047055371,
        "annual_return_2022_2023_2_5_bps": -0.07302895999720438,
        "annual_volatility_2022_2023_2_5_bps": 0.1312074202932868,
        "sharpe_ratio_2022_2023_2_5_bps": -0.5127311034836012,
        "downside_risk_2022_2023_2_5_bps": 0.08779813749374152,