{
    "ALL": {
        "performance_sw": 0.07332457657615739,
        "performance_fw": 0.04746459911589311,
        "val_loss": 3.347713348163201,
        "annual_return_2020_2021": -0.027232466583453796,
        "annual_volatility_2020_2021": 0.31641556338182725,
        "sharpe_ratio_2020_2021": 0.07332457657615726,
        "downside_risk_2020_2021": 0.23891987692904978,
        "sortino_ratio_2020_2021": 0.09710802426860687,
        "max_drawdown_2020_2021": 0.35316296968573746,
        "calmar_ratio_2020_2021": -0.07711019818325415,
        "perc_pos_return_2020_2021": 0.5573122529644269,
        "profit_loss_ratio_2020_2021": 0.8102426216518079,
        "sharpe_ratio_2020": 0.07332457657615726,
        "annual_return_2020_2021_0_5_bps": -0.02744558471065106,
        "annual_volatility_2020_2021_0_5_bps": 0.31641728470451597,
        "sharpe_ratio_2020_2021_0_5_bps": 0.07263385822026651,
        "downside_risk_2020_2021_0_5_bps": 0.23892703745546565,
        "sortino_ratio_2020_2021_0_5_bps": 0.09619090597878992,
        "max_drawdown_2020_2021_0_5_bps": 0.3531894086363885,
        "calmar_ratio_2020_2021_0_5_bps": -0.07770783619082566,
        "perc_pos_return_2020_2021_0_5_bps": 0.5573122529644269,
        "profit_loss_ratio_2020_2021_0_5_bps": 0.8100913775243617,
        "sharpe_ratio_2020_0_5_bps": 0.07263385822026651,
        "annual_return_2020_2021_1_0_bps": -0.027658656412815175,
        "annual_volatility_2020_2021_1_0_bps": 0.316419006270059,
        "sharpe_ratio_2020_2021_1_0_bps": 0.07194314732418944,
        "downside_risk_2020_2021_1_0_bps": 0.2389341983434288,
        "sortino_ratio_2020_2021_1_0_bps": 0.09527384251433398,
        "max_drawdown_2020_2021_1_0_bps": 0.35321584656694194,
        "calmar_ratio_2020_2021_1_0_bps": -0.07830525352030962,
        "perc_pos_return_2020_2021_1_0_bps": 0.5573122529644269,
        "profit_loss_ratio_2020_2021_1_0_bps": 0.8099401602045019,
        "sharpe_ratio_2020_1_0_bps": 0.07194314732418944,
        "annual_return_2020_2021_1_5_bps": -0.027871681699998097,
        "annual_volatility_2020_2021_1_5_bps": 0.3164207280784524,
        "sharpe_ratio_2020_2021_1_5_bps": 0.07125244388939471,
        "downside_risk_2020_2021_1_5_bps": 0.23894135959290677,
        "sortino_ratio_2020_2021_1_5_bps": 0.09435683387448442,
        "max_drawdown_2020_2021_1_5_bps": 0.35324228347743375,
        "calmar_ratio_2020_2021_1_5_bps": -0.07890245025487903,
        "perc_pos_return_2020_2021_1_5_bps": 0.5573122529644269,
        "profit_loss_ratio_2020_2021_1_5_bps": 0.8097889696851016,
        "sharpe_ratio_2020_1_5_bps": 0.07125244388939471,
        "annual_return_2020_2021_2_0_bps": -0.02808466058225667,
        "annual_volatility_2020_2021_2_0_bps": 0.3164224501296921,
        "sharpe_ratio_2020_2021_2_0_bps": 0.07056174791735147,
        "downside_risk_2020_2021_2_0_bps": 0.23894852120386706,
        "sortino_ratio_2020_2021_2_0_bps": 0.09343988005848647,
        "max_drawdown_2020_2021_2_0_bps": 0.3532687193679019,
        "calmar_ratio_2020_2021_2_0_bps": -0.07949942647769129,
        "perc_pos_return_2020_2021_2_0_bps": 0.5573122529644269,
        "profit_loss_ratio_2020_2021_2_0_bps": 0.8096378059590373,
        "sharpe_ratio_2020_2_0_bps": 0.07056174791735147,
        "annual_return_2020_2021_2_5_bps": -0.028297593069643412,
        "annual_volatility_2020_2021_2_5_bps": 0.31642417242377424,
        "sharpe_ratio_2020_2021_2_5_bps": 0.06987105940953021,
        "downside_risk_2020_2021_2_5_bps": 0.23895568317627716,
        "sortino_ratio_2020_2021_2_5_bps": 0.09252298106558644,
        "max_drawdown_2020_2021_2_5_bps": 0.353295154238383,
        "calmar_ratio_2020_2021_2_5_bps": -0.08009618227186283,
        "perc_pos_return_2020_2021_2_5_bps": 0.5573122529644269,
        "profit_loss_ratio_2020_2021_2_5_bps": 0.809486669019187,
        "sharpe_ratio_2020_2_5_bps": 0.06987105940953021,
        "annual_return_2020_2021_3_0_bps": -0.028510479172204173,
        "annual_volatility_2020_2021_3_0_bps": 0.31642589496069495,
        "sharpe_ratio_2020_2021_3_0_bps": 0.06918037836739935,
        "downside_risk_2020_2021_3_0_bps": 0.23896284551010455,
        "sortino_ratio_2020_2021_3_0_bps": 0.09160613689502704,
        "max_drawdown_2020_2021_3_0_bps": 0.3533215880889142,
        "calmar_ratio_2020_2021_3_0_bps": -0.0806927177204622,
        "perc_pos_return_2020_2021_3_0_bps": 0.5573122529644269,
        "profit_loss_ratio_2020_2021_3_0_bps": 0.8093355588584314,
        "sharpe_ratio_2020_3_0_bps": 0.06918037836739935
    },
    "STOCK": {
        "annual_return_2020_2021": -0.027232466583453796,
        "annual_volatility_2020_2021": 0.31641556338182725,
        "sharpe_ratio_2020_2021": 0.07332457657615726,
        "downside_risk_2020_2021": 0.23891987692904978,
        "sortino_ratio_2020_2021": 0.09710802426860687,
        "max_drawdown_2020_2021": 0.35316296968573746,
        "calmar_ratio_2020_2021": -0.07711019818325415,
        "perc_pos_return_2020_2021": 0.5573122529644269,
        "profit_loss_ratio_2020_2021": 0.8102426216518079,
        "sharpe_ratio_2020": 0.07332457657615726,
        "annual_return_2020_2021_0_5_bps": -0.02744558471065106,
        "annual_volatility_2020_2021_0_5_bps": 0.31641728470451597,
        "sharpe_ratio_2020_2021_0_5_bps": 0.07263385822026651,
        "downside_risk_2020_2021_0_5_bps": 0.23892703745546565,
        "sortino_ratio_2020_2021_0_5_bps": 0.09619090597878992,
        "max_drawdown_2020_2021_0_5_bps": 0.3531894086363885,
        "calmar_ratio_2020_2021_0_5_bps": -0.07770783619082566,
        "perc_pos_return_2020_2021_0_5_bps": 0.5573122529644269,
        "profit_loss_ratio_2020_2021_0_5_bps": 0.8100913775243617,
        "sharpe_ratio_2020_0_5_bps": 0.07263385822026651,
        "annual_return_2020_2021_1_0_bps": -0.027658656412815175,
        "annual_volatility_2020_2021_1_0_bps": 0.316419006270059,
        "sharpe_ratio_2020_2021_1_0_bps": 0.07194314732418944,
        "downside_risk_2020_2021_1_0_bps": 0.2389341983434288,
        "sortino_ratio_2020_2021_1_0_bps": 0.09527384251433398,
        "max_drawdown_2020_2021_1_0_bps": 0.35321584656694194,
        "calmar_ratio_2020_2021_1_0_bps": -0.07830525352030962,
        "perc_pos_return_2020_2021_1_0_bps": 0.5573122529644269,
        "profit_loss_ratio_2020_2021_1_0_bps": 0.8099401602045019,
        "sharpe_ratio_2020_1_0_bps": 0.07194314732418944,
        "annual_return_2020_2021_1_5_bps": -0.027871681699998097,
        "annual_volatility_2020_2021_1_5_bps": 0.3164207280784524,
        "sharpe_ratio_2020_2021_1_5_bps": 0.07125244388939471,
        "downside_risk_2020_2021_1_5_bps": 0.23894135959290677,
        "sortino_ratio_2020_2021_1_5_bps": 0.09435683387448442,
        "max_drawdown_2020_2021_1_5_bps": 0.35324228347743375,
        "calmar_ratio_2020_2021_1_5_bps": -0.07890245025487903,
        "perc_pos_return_2020_2021_1_5_bps": 0.5573122529644269,
        "profit_loss_ratio_2020_2021_1_5_bps": 0.8097889696851016,
        "sharpe_ratio_2020_1_5_bps": 0.07125244388939471,
        "annual_return_2020_2021_2_0_bps": -0.02808466058225667,
        "annual_volatility_2020_2021_2_0_bps": 0.3164224501296921,
        "sharpe_ratio_2020_2021_2_0_bps": 0.07056174791735147,
        "downside_risk_2020_2021_2_0_bps": 0.23894852120386706,
        "sortino_ratio_2020_2021_2_0_bps": 0.09343988005848647,
        "max_drawdown_2020_2021_2_0_bps": 0.3532687193679019,
        "calmar_ratio_2020_2021_2_0_bps": -0.07949942647769129,
        "perc_pos_return_2020_2021_2_0_bps": 0.5573122529644269,
        "profit_loss_ratio_2020_2021_2_0_bps": 0.8096378059590373,
        "sharpe_ratio_2020_2_0_bps": 0.07056174791735147,
        "annual_return_2020_2021_2_5_bps": -0.028297593069643412,
        "annual_volatility_2020_2021_2_5_bps": 0.31642417242377424,
        "sharpe_ratio_2020_2021_2_5_bps": 0.06987105940953021,
        "downside_risk_2020_2021_2_5_bps": 0.23895568317627716,