{
    "ALL": {
        "performance_sw": 0.8536786228978384,
        "performance_fw": 1.0725857150703788,
        "val_loss": 5.445378207370406,
        "annual_return_2020_2021": 0.24796198440680128,
        "annual_volatility_2020_2021": 0.3200784663591378,
        "sharpe_ratio_2020_2021": 0.8536786228978381,
        "downside_risk_2020_2021": 0.23502502444056916,
        "sortino_ratio_2020_2021": 1.1626172363182377,
        "max_drawdown_2020_2021": 0.4157518284855935,
        "calmar_ratio_2020_2021": 0.5964182654590383,
        "perc_pos_return_2020_2021": 0.5928853754940712,
        "profit_loss_ratio_2020_2021": 0.8206816784971602,
        "sharpe_ratio_2020": 0.8536786228978381,
        "annual_return_2020_2021_0_5_bps": 0.24621847050731982,
        "annual_volatility_2020_2021_0_5_bps": 0.3200825961981961,
        "sharpe_ratio_2020_2021_0_5_bps": 0.8493005710265179,
        "downside_risk_2020_2021_0_5_bps": 0.23505701803503248,
        "sortino_ratio_2020_2021_0_5_bps": 1.156512296460184,
        "max_drawdown_2020_2021_0_5_bps": 0.4158774037814473,
        "calmar_ratio_2020_2021_0_5_bps": 0.5920458006819554,
        "perc_pos_return_2020_2021_0_5_bps": 0.5928853754940712,
        "profit_loss_ratio_2020_2021_0_5_bps": 0.8199405081636949,
        "sharpe_ratio_2020_0_5_bps": 0.8493005710265179,
        "annual_return_2020_2021_1_0_bps": 0.24447737832003713,
        "annual_volatility_2020_2021_1_0_bps": 0.3200867372351327,
        "sharpe_ratio_2020_2021_1_0_bps": 0.8449226025699627,
        "downside_risk_2020_2021_1_0_bps": 0.23508902758397318,
        "sortino_ratio_2020_2021_1_0_bps": 1.1504089401885529,
        "max_drawdown_2020_2021_1_0_bps": 0.41600295328308134,
        "calmar_ratio_2020_2021_1_0_bps": 0.5876818334837045,
        "perc_pos_return_2020_2021_1_0_bps": 0.5928853754940712,
        "profit_loss_ratio_2020_2021_1_0_bps": 0.8191999557347809,
        "sharpe_ratio_2020_1_0_bps": 0.8449226025699627,
        "annual_return_2020_2021_1_5_bps": 0.24273870450080248,
        "annual_volatility_2020_2021_1_5_bps": 0.32009088946951286,
        "sharpe_ratio_2020_2021_1_5_bps": 0.8405447179855445,
        "downside_risk_2020_2021_1_5_bps": 0.23512105308087508,
        "sortino_ratio_2020_2021_1_5_bps": 1.1443071681307406,
        "max_drawdown_2020_2021_1_5_bps": 0.41612847699555106,
        "calmar_ratio_2020_2021_1_5_bps": 0.5833263473179646,
        "perc_pos_return_2020_2021_1_5_bps": 0.5928853754940712,
        "profit_loss_ratio_2020_2021_1_5_bps": 0.8184600204380316,
        "sharpe_ratio_2020_1_5_bps": 0.8405447179855445,
        "annual_return_2020_2021_2_0_bps": 0.2410024457100579,
        "annual_volatility_2020_2021_2_0_bps": 0.32009505290090096,
        "sharpe_ratio_2020_2021_2_0_bps": 0.8361669177305742,
        "downside_risk_2020_2021_2_0_bps": 0.23515309453194255,
        "sortino_ratio_2020_2021_2_0_bps": 1.1382069808509119,
        "max_drawdown_2020_2021_2_0_bps": 0.41625397492391036,
        "calmar_ratio_2020_2021_2_0_bps": 0.5789793256727752,
        "perc_pos_return_2020_2021_2_0_bps": 0.5889328063241107,
        "profit_loss_ratio_2020_2021_2_0_bps": 0.8312008460803432,
        "sharpe_ratio_2020_2_0_bps": 0.8361669177305742,
        "annual_return_2020_2021_2_5_bps": 0.239268598612832,
        "annual_volatility_2020_2021_2_5_bps": 0.3200992275288599,
        "sharpe_ratio_2020_2021_2_5_bps": 0.8317892022623009,
        "downside_risk_2020_2021_2_5_bps": 0.23518515196115855,
        "sortino_ratio_2020_2021_2_5_bps": 1.132108378827341,
        "max_drawdown_2020_2021_2_5_bps": 0.4163794470732121,
        "calmar_ratio_2020_2021_2_5_bps": 0.5746407520704578,
        "perc_pos_return_2020_2021_2_5_bps": 0.5889328063241107,
        "profit_loss_ratio_2020_2021_2_5_bps": 0.8304496613678725,
        "sharpe_ratio_2020_2_5_bps": 0.8317892022623009,
        "annual_return_2020_2021_3_0_bps": 0.2375371598787288,
        "annual_volatility_2020_2021_3_0_bps": 0.3201034133529517,
        "sharpe_ratio_2020_2021_3_0_bps": 0.8274115720379098,
        "downside_risk_2020_2021_3_0_bps": 0.23521722536332063,
        "sortino_ratio_2020_2021_3_0_bps": 1.1260113626795973,
        "max_drawdown_2020_2021_3_0_bps": 0.41650489344850883,
        "calmar_ratio_2020_2021_3_0_bps": 0.5703106100675256,
        "perc_pos_return_2020_2021_3_0_bps": 0.5889328063241107,
        "profit_loss_ratio_2020_2021_3_0_bps": 0.8296991053204091,
        "sharpe_ratio_2020_3_0_bps": 0.8274115720379098
    },
    "STOCK": {
        "annual_return_2020_2021": 0.24796198440680128,
        "annual_volatility_2020_2021": 0.3200784663591378,
        "sharpe_ratio_2020_2021": 0.8536786228978381,
        "downside_risk_2020_2021": 0.23502502444056916,
        "sortino_ratio_2020_2021": 1.1626172363182377,
        "max_drawdown_2020_2021": 0.4157518284855935,
        "calmar_ratio_2020_2021": 0.5964182654590383,
        "perc_pos_return_2020_2021": 0.5928853754940712,
        "profit_loss_ratio_2020_2021": 0.8206816784971602,
        "sharpe_ratio_2020": 0.8536786228978381,
        "annual_return_2020_2021_0_5_bps": 0.24621847050731982,
        "annual_volatility_2020_2021_0_5_bps": 0.3200825961981961,
        "sharpe_ratio_2020_2021_0_5_bps": 0.8493005710265179,
        "downside_risk_2020_2021_0_5_bps": 0.23505701803503248,
        "sortino_ratio_2020_2021_0_5_bps": 1.156512296460184,
        "max_drawdown_2020_2021_0_5_bps": 0.4158774037814473,
        "calmar_ratio_2020_2021_0_5_bps": 0.5920458006819554,
        "perc_pos_return_2020_2021_0_5_bps": 0.5928853754940712,
        "profit_loss_ratio_2020_2021_0_5_bps": 0.8199405081636949,
        "sharpe_ratio_2020_0_5_bps": 0.8493005710265179,
        "annual_return_2020_2021_1_0_bps": 0.24447737832003713,
        "annual_volatility_2020_2021_1_0_bps": 0.3200867372351327,
        "sharpe_ratio_2020_2021_1_0_bps": 0.8449226025699627,
        "downside_risk_2020_2021_1_0_bps": 0.23508902758397318,
        "sortino_ratio_2020_2021_1_0_bps": 1.1504089401885529,
        "max_drawdown_2020_2021_1_0_bps": 0.41600295328308134,
        "calmar_ratio_2020_2021_1_0_bps": 0.5876818334837045,
        "perc_pos_return_2020_2021_1_0_bps": 0.5928853754940712,
        "profit_loss_ratio_2020_2021_1_0_bps": 0.8191999557347809,
        "sharpe_ratio_2020_1_0_bps": 0.8449226025699627,
        "annual_return_2020_2021_1_5_bps": 0.24273870450080248,
        "annual_volatility_2020_2021_1_5_bps": 0.32009088946951286,
        "sharpe_ratio_2020_2021_1_5_bps": 0.8405447179855445,
        "downside_risk_2020_2021_1_5_bps": 0.23512105308087508,
        "sortino_ratio_2020_2021_1_5_bps": 1.1443071681307406,
        "max_drawdown_2020_2021_1_5_bps": 0.41612847699555106,
        "calmar_ratio_2020_2021_1_5_bps": 0.5833263473179646,
        "perc_pos_return_2020_2021_1_5_bps": 0.5928853754940712,
        "profit_loss_ratio_2020_2021_1_5_bps": 0.8184600204380316,
        "sharpe_ratio_2020_1_5_bps": 0.8405447179855445,
        "annual_return_2020_2021_2_0_bps": 0.2410024457100579,
        "annual_volatility_2020_2021_2_0_bps": 0.32009505290090096,
        "sharpe_ratio_2020_2021_2_0_bps": 0.8361669177305742,
        "downside_risk_2020_2021_2_0_bps": 0.23515309453194255,
        "sortino_ratio_2020_2021_2_0_bps": 1.1382069808509119,
        "max_drawdown_2020_2021_2_0_bps": 0.41625397492391036,
        "calmar_ratio_2020_2021_2_0_bps": 0.5789793256727752,
        "perc_pos_return_2020_2021_2_0_bps": 0.5889328063241107,
        "profit_loss_ratio_2020_2021_2_0_bps": 0.8312008460803432,
        "sharpe_ratio_2020_2_0_bps": 0.8361669177305742,
        "annual_return_2020_2021_2_5_bps": 0.239268598612832,
        "annual_volatility_2020_2021_2_5_bps": 0.3200992275288599,
        "sharpe_ratio_2020_2021_2_5_bps": 0.8317892022623009,
        "downside_risk_2020_2021_2_5_bps": 0.23518515196115855,
        "sortino_ratio_2020_2021_2_5_bps": 1.132108378827341,
        "max_drawdown_2020_2021_2_5_bps": 0.4163794470732121,