{
    "ALL": {
        "performance_sw": 0.16277687387737788,
        "performance_fw": 0.16610824440957245,
        "val_loss": 4.436704510052319,
        "annual_return_2020_2021": -0.023381699054900285,
        "annual_volatility_2020_2021": 0.4245378763140605,
        "sharpe_ratio_2020_2021": 0.16277687387737785,
        "downside_risk_2020_2021": 0.33369460419944885,
        "sortino_ratio_2020_2021": 0.20709039786462866,
        "max_drawdown_2020_2021": 0.5355095686452599,
        "calmar_ratio_2020_2021": -0.04366252336825961,
        "perc_pos_return_2020_2021": 0.5889328063241107,
        "profit_loss_ratio_2020_2021": 0.726227168649916,
        "sharpe_ratio_2020": 0.16277687387737785,
        "annual_return_2020_2021_0_5_bps": -0.025381707760617656,
        "annual_volatility_2020_2021_0_5_bps": 0.4245403481988371,
        "sharpe_ratio_2020_2021_0_5_bps": 0.15795070439436243,
        "downside_risk_2020_2021_0_5_bps": 0.33373200096971356,
        "sortino_ratio_2020_2021_0_5_bps": 0.20092902942178337,
        "max_drawdown_2020_2021_0_5_bps": 0.5357371213975172,
        "calmar_ratio_2020_2021_0_5_bps": -0.0473771682918056,
        "perc_pos_return_2020_2021_0_5_bps": 0.5889328063241107,
        "profit_loss_ratio_2020_2021_0_5_bps": 0.7253765673719195,
        "sharpe_ratio_2020_0_5_bps": 0.15795070439436243,
        "annual_return_2020_2021_1_0_bps": -0.027377643402313967,
        "annual_volatility_2020_2021_1_0_bps": 0.4245428358586218,
        "sharpe_ratio_2020_2021_1_0_bps": 0.15312458542198426,
        "downside_risk_2020_2021_1_0_bps": 0.3337694211743107,
        "sortino_ratio_2020_2021_1_0_bps": 0.1947690279894594,
        "max_drawdown_2020_2021_1_0_bps": 0.5359645661896383,
        "calmar_ratio_2020_2021_1_0_bps": -0.05108106977472657,
        "perc_pos_return_2020_2021_1_0_bps": 0.5889328063241107,
        "profit_loss_ratio_2020_2021_1_0_bps": 0.7245268010241745,
        "sharpe_ratio_2020_1_0_bps": 0.15312458542198426,
        "annual_return_2020_2021_1_5_bps": -0.029369514228710814,
        "annual_volatility_2020_2021_1_5_bps": 0.424545339293137,
        "sharpe_ratio_2020_2021_1_5_bps": 0.14829851749742973,
        "downside_risk_2020_2021_1_5_bps": 0.33380686480535904,
        "sortino_ratio_2020_2021_1_5_bps": 0.18861039440973398,
        "max_drawdown_2020_2021_1_5_bps": 0.5361919030711918,
        "calmar_ratio_2020_2021_1_5_bps": -0.05477425910478796,
        "perc_pos_return_2020_2021_1_5_bps": 0.5889328063241107,
        "profit_loss_ratio_2020_2021_1_5_bps": 0.7236778683779632,
        "sharpe_ratio_2020_1_5_bps": 0.14829851749742973,
        "annual_return_2020_2021_2_0_bps": -0.03135732847190831,
        "annual_volatility_2020_2021_2_0_bps": 0.4245478585021039,
        "sharpe_ratio_2020_2021_2_0_bps": 0.14347250115785107,
        "downside_risk_2020_2021_2_0_bps": 0.3338443318549762,
        "sortino_ratio_2020_2021_2_0_bps": 0.18245312952315254,
        "max_drawdown_2020_2021_2_0_bps": 0.5364191320917214,
        "calmar_ratio_2020_2021_2_0_bps": -0.05845676747142302,
        "perc_pos_return_2020_2021_2_0_bps": 0.5889328063241107,
        "profit_loss_ratio_2020_2021_2_0_bps": 0.722829768206976,
        "sharpe_ratio_2020_2_0_bps": 0.14347250115785107,
        "annual_return_2020_2021_2_5_bps": -0.03334109434743482,
        "annual_volatility_2020_2021_2_5_bps": 0.4245503934852416,
        "sharpe_ratio_2020_2021_2_5_bps": 0.1386465369403623,
        "downside_risk_2020_2021_2_5_bps": 0.33388182231527824,
        "sortino_ratio_2020_2021_2_5_bps": 0.17629723416872395,
        "max_drawdown_2020_2021_2_5_bps": 0.5366462533007527,
        "calmar_ratio_2020_2021_2_5_bps": -0.062128625966106334,
        "perc_pos_return_2020_2021_2_5_bps": 0.5889328063241107,
        "profit_loss_ratio_2020_2021_2_5_bps": 0.721982499287308,
        "sharpe_ratio_2020_2_5_bps": 0.1386465369403623,
        "annual_return_2020_2021_3_0_bps": -0.03532082005427961,
        "annual_volatility_2020_2021_3_0_bps": 0.42455294424226747,
        "sharpe_ratio_2020_2021_3_0_bps": 0.13382062538204226,
        "downside_risk_2020_2021_3_0_bps": 0.33391933617838,
        "sortino_ratio_2020_2021_3_0_bps": 0.17014270918392543,
        "max_drawdown_2020_2021_3_0_bps": 0.5368732667477859,
        "calmar_ratio_2020_2021_3_0_bps": -0.06578986558269578,
        "perc_pos_return_2020_2021_3_0_bps": 0.5889328063241107,
        "profit_loss_ratio_2020_2021_3_0_bps": 0.7211360603974519,
        "sharpe_ratio_2020_3_0_bps": 0.13382062538204226
    },
    "STOCK": {
        "annual_return_2020_2021": -0.023381699054900285,
        "annual_volatility_2020_2021": 0.4245378763140605,
        "sharpe_ratio_2020_2021": 0.16277687387737785,
        "downside_risk_2020_2021": 0.33369460419944885,
        "sortino_ratio_2020_2021": 0.20709039786462866,
        "max_drawdown_2020_2021": 0.5355095686452599,
        "calmar_ratio_2020_2021": -0.04366252336825961,
        "perc_pos_return_2020_2021": 0.5889328063241107,
        "profit_loss_ratio_2020_2021": 0.726227168649916,
        "sharpe_ratio_2020": 0.16277687387737785,
        "annual_return_2020_2021_0_5_bps": -0.025381707760617656,
        "annual_volatility_2020_2021_0_5_bps": 0.4245403481988371,
        "sharpe_ratio_2020_2021_0_5_bps": 0.15795070439436243,
        "downside_risk_2020_2021_0_5_bps": 0.33373200096971356,
        "sortino_ratio_2020_2021_0_5_bps": 0.20092902942178337,
        "max_drawdown_2020_2021_0_5_bps": 0.5357371213975172,
        "calmar_ratio_2020_2021_0_5_bps": -0.0473771682918056,
        "perc_pos_return_2020_2021_0_5_bps": 0.5889328063241107,
        "profit_loss_ratio_2020_2021_0_5_bps": 0.7253765673719195,
        "sharpe_ratio_2020_0_5_bps": 0.15795070439436243,
        "annual_return_2020_2021_1_0_bps": -0.027377643402313967,
        "annual_volatility_2020_2021_1_0_bps": 0.4245428358586218,
        "sharpe_ratio_2020_2021_1_0_bps": 0.15312458542198426,
        "downside_risk_2020_2021_1_0_bps": 0.3337694211743107,
        "sortino_ratio_2020_2021_1_0_bps": 0.1947690279894594,
        "max_drawdown_2020_2021_1_0_bps": 0.5359645661896383,
        "calmar_ratio_2020_2021_1_0_bps": -0.05108106977472657,
        "perc_pos_return_2020_2021_1_0_bps": 0.5889328063241107,
        "profit_loss_ratio_2020_2021_1_0_bps": 0.7245268010241745,
        "sharpe_ratio_2020_1_0_bps": 0.15312458542198426,
        "annual_return_2020_2021_1_5_bps": -0.029369514228710814,
        "annual_volatility_2020_2021_1_5_bps": 0.424545339293137,
        "sharpe_ratio_2020_2021_1_5_bps": 0.14829851749742973,
        "downside_risk_2020_2021_1_5_bps": 0.33380686480535904,
        "sortino_ratio_2020_2021_1_5_bps": 0.18861039440973398,
        "max_drawdown_2020_2021_1_5_bps": 0.5361919030711918,
        "calmar_ratio_2020_2021_1_5_bps": -0.05477425910478796,
        "perc_pos_return_2020_2021_1_5_bps": 0.5889328063241107,
        "profit_loss_ratio_2020_2021_1_5_bps": 0.7236778683779632,
        "sharpe_ratio_2020_1_5_bps": 0.14829851749742973,
        "annual_return_2020_2021_2_0_bps": -0.03135732847190831,
        "annual_volatility_2020_2021_2_0_bps": 0.4245478585021039,
        "sharpe_ratio_2020_2021_2_0_bps": 0.14347250115785107,
        "downside_risk_2020_2021_2_0_bps": 0.3338443318549762,
        "sortino_ratio_2020_2021_2_0_bps": 0.18245312952315254,
        "max_drawdown_2020_2021_2_0_bps": 0.5364191320917214,
        "calmar_ratio_2020_2021_2_0_bps": -0.05845676747142302,
        "perc_pos_return_2020_2021_2_0_bps": 0.5889328063241107,
        "profit_loss_ratio_2020_2021_2_0_bps": 0.722829768206976,
        "sharpe_ratio_2020_2_0_bps": 0.14347250115785107,
        "annual_return_2020_2021_2_5_bps": -0.03334109434743482,
        "annual_volatility_2020_2021_2_5_bps": 0.4245503934852416,
        "sharpe_ratio_2020_2021_2_5_bps": 0.1386465369403623,
        "downside_risk_2020_2021_2_5_bps": 0.33388182231527824,
        "sortino_ratio_2020_2021_2_5_bps": 0.17629723416872395,