{
    "ALL": {
        "annual_return": 845.4054417088963,
        "annual_volatility": 0.0746777519148215,
        "sharpe_ratio": 120.95560132911878,
        "downside_risk": 0.00506146650223425,
        "sortino_ratio": Infinity,
        "max_drawdown": 0.0042402832473475,
        "calmar_ratio": NaN,
        "perc_pos_return": 0.993083003952569,
        "profit_loss_ratio": NaN,
        "annual_return_0_5_bps": 845.0970857204464,
        "annual_volatility_0_5_bps": 0.074676687142779,
        "sharpe_ratio_0_5_bps": 120.95329509365607,
        "downside_risk_0_5_bps": 0.0050619112596335,
        "sortino_ratio_0_5_bps": Infinity,
        "max_drawdown_0_5_bps": 0.00424057250049925,
        "calmar_ratio_0_5_bps": NaN,
        "perc_pos_return_0_5_bps": 0.993083003952569,
        "profit_loss_ratio_0_5_bps": NaN,
        "annual_return_1_0_bps": 844.7888452366038,
        "annual_volatility_1_0_bps": 0.0746756241790095,
        "sharpe_ratio_1_0_bps": 120.95097739275174,
        "downside_risk_1_0_bps": 0.00506235607191775,
        "sortino_ratio_1_0_bps": Infinity,
        "max_drawdown_1_0_bps": 0.004240861753482,
        "calmar_ratio_1_0_bps": NaN,
        "perc_pos_return_1_0_bps": 0.993083003952569,
        "profit_loss_ratio_1_0_bps": NaN,
        "annual_return_1_5_bps": 844.4807202132286,
        "annual_volatility_1_5_bps": 0.07467456302380601,
        "sharpe_ratio_1_5_bps": 120.9486482220384,
        "downside_risk_1_5_bps": 0.00506280093907275,
        "sortino_ratio_1_5_bps": Infinity,
        "max_drawdown_1_5_bps": 0.0042411510062955,
        "calmar_ratio_1_5_bps": NaN,
        "perc_pos_return_1_5_bps": 0.993083003952569,
        "profit_loss_ratio_1_5_bps": NaN,
        "annual_return_2_0_bps": 844.1727106061985,
        "annual_volatility_2_0_bps": 0.0746735036774615,
        "sharpe_ratio_2_0_bps": 120.94630757716449,
        "downside_risk_2_0_bps": 0.005063245861084,
        "sortino_ratio_2_0_bps": Infinity,
        "max_drawdown_2_0_bps": 0.004241440258939751,
        "calmar_ratio_2_0_bps": NaN,
        "perc_pos_return_2_0_bps": 0.993083003952569,
        "profit_loss_ratio_2_0_bps": NaN,
        "annual_return_2_5_bps": 843.8648163714088,
        "annual_volatility_2_5_bps": 0.07467244614026751,
        "sharpe_ratio_2_5_bps": 120.94395545379415,
        "downside_risk_2_5_bps": 0.005063690837937,
        "sortino_ratio_2_5_bps": Infinity,
        "max_drawdown_2_5_bps": 0.004241729511415,
        "calmar_ratio_2_5_bps": NaN,
        "perc_pos_return_2_5_bps": 0.993083003952569,
        "profit_loss_ratio_2_5_bps": NaN,
        "annual_return_3_0_bps": 843.5570374647733,
        "annual_volatility_3_0_bps": 0.07467139041251451,
        "sharpe_ratio_3_0_bps": 120.94159184760721,
        "downside_risk_3_0_bps": 0.005064135869617251,
        "sortino_ratio_3_0_bps": Infinity,
        "max_drawdown_3_0_bps": 0.0042420187637212505,
        "calmar_ratio_3_0_bps": NaN,
        "perc_pos_return_3_0_bps": 0.993083003952569,
        "profit_loss_ratio_3_0_bps": NaN,
        "annual_return_rescaled": 1127555.2544787836,
        "annual_volatility_rescaled": 0.15000000000000074,
        "downside_risk_rescaled": 0.0101666153019861,
        "max_drawdown_rescaled": 0.008514047984407925,
        "annual_return_rescaled_0_5_bps": 1126969.7922807662,
        "annual_volatility_rescaled_0_5_bps": 0.15000000000000077,
        "downside_risk_rescaled_0_5_bps": 0.010167653627875937,
        "max_drawdown_rescaled_0_5_bps": 0.008514744857858905,
        "annual_return_rescaled_1_0_bps": 1126384.2407829391,
        "annual_volatility_rescaled_1_0_bps": 0.15000000000000074,
        "downside_risk_rescaled_1_0_bps": 0.010168691847387806,
        "max_drawdown_rescaled_1_0_bps": 0.00851544154413763,
        "annual_return_rescaled_1_5_bps": 1125798.6004009177,
        "annual_volatility_rescaled_1_5_bps": 0.15000000000000113,
        "downside_risk_rescaled_1_5_bps": 0.010169729960372777,
        "max_drawdown_rescaled_1_5_bps": 0.00851613804315292,
        "annual_return_rescaled_2_0_bps": 1125212.8715503267,
        "annual_volatility_rescaled_2_0_bps": 0.1500000000000009,
        "downside_risk_rescaled_2_0_bps": 0.010170767966681907,
        "max_drawdown_rescaled_2_0_bps": 0.008516834354813468,
        "annual_return_rescaled_2_5_bps": 1124627.0546470962,
        "annual_volatility_rescaled_2_5_bps": 0.15000000000000063,
        "downside_risk_rescaled_2_5_bps": 0.01017180586616649,
        "max_drawdown_rescaled_2_5_bps": 0.008517530479028333,
        "annual_return_rescaled_3_0_bps": 1124041.1501073733,
        "annual_volatility_rescaled_3_0_bps": 0.15000000000000127,
        "downside_risk_rescaled_3_0_bps": 0.010172843658677903,
        "max_drawdown_rescaled_3_0_bps": 0.008518226415706456,
        "sharpe_ratio_years": 121.02981370493926,
        "sharpe_ratio_years_0_5_bps": 121.02750185221849,
        "sharpe_ratio_years_1_0_bps": 121.02517853387107,
        "sharpe_ratio_years_1_5_bps": 121.02284374552966,
        "sharpe_ratio_years_2_0_bps": 121.02049748284266,
        "sharpe_ratio_years_2_5_bps": 121.01813974147423,
        "sharpe_ratio_years_3_0_bps": 121.01577051710424,
        "sharpe_ratio_years_std": 84.06712143518159,
        "sharpe_ratio_years_std_0_5_bps": 84.06697944811808,
        "sharpe_ratio_years_std_1_0_bps": 84.06682318967808,
        "sharpe_ratio_years_std_1_5_bps": 84.06665265249863,
        "sharpe_ratio_years_std_2_0_bps": 84.06646782924068,
        "sharpe_ratio_years_std_2_5_bps": 84.06626871258891,
        "sharpe_ratio_years_std_3_0_bps": 84.06605529525191
    },
    "STOCK": {
        "annual_return": 845.4054417088963,
        "annual_volatility": 0.0746777519148215,
        "sharpe_ratio": 120.95560132911878,
        "downside_risk": 0.00506146650223425,
        "sortino_ratio": Infinity,
        "max_drawdown": 0.0042402832473475,
        "calmar_ratio": NaN,
        "perc_pos_return": 0.993083003952569,
        "profit_loss_ratio": NaN,
        "annual_return_0_5_bps": 845.0970857204464,
        "annual_volatility_0_5_bps": 0.074676687142779,
        "sharpe_ratio_0_5_bps": 120.95329509365607,
        "downside_risk_0_5_bps": 0.0050619112596335,
        "sortino_ratio_0_5_bps": Infinity,
        "max_drawdown_0_5_bps": 0.00424057250049925,
        "calmar_ratio_0_5_bps": NaN,
        "perc_pos_return_0_5_bps": 0.993083003952569,
        "profit_loss_ratio_0_5_bps": NaN,
        "annual_return_1_0_bps": 844.7888452366038,
        "annual_volatility_1_0_bps": 0.0746756241790095,
        "sharpe_ratio_1_0_bps": 120.95097739275174,
        "downside_risk_1_0_bps": 0.00506235607191775,
        "sortino_ratio_1_0_bps": Infinity,
        "max_drawdown_1_0_bps": 0.004240861753482,
        "calmar_ratio_1_0_bps": NaN,
        "perc_pos_return_1_0_bps": 0.993083003952569,
        "profit_loss_ratio_1_0_bps": NaN,
        "annual_return_1_5_bps": 844.4807202132286,
        "annual_volatility_1_5_bps": 0.07467456302380601,
        "sharpe_ratio_1_5_bps": 120.9486482220384,
        "downside_risk_1_5_bps": 0.00506280093907275,
        "sortino_ratio_1_5_bps": Infinity,
        "max_drawdown_1_5_bps": 0.0042411510062955,
        "calmar_ratio_1_5_bps": NaN,
        "perc_pos_return_1_5_bps": 0.993083003952569,
        "profit_loss_ratio_1_5_bps": NaN,
        "annual_return_2_0_bps": 844.1727106061985,
        "annual_volatility_2_0_bps": 0.0746735036774615,
        "sharpe_ratio_2_0_bps": 120.94630757716449,
        "downside_risk_2_0_bps": 0.005063245861084,
        "sortino_ratio_2_0_bps": Infinity,
        "max_drawdown_2_0_bps": 0.004241440258939751,
        "calmar_ratio_2_0_bps": NaN,
        "perc_pos_return_2_0_bps": 0.993083003952569,
        "profit_loss_ratio_2_0_bps": NaN,
        "annual_return_2_5_bps": 843.8648163714088,
        "annual_volatility_2_5_bps": 0.07467244614026751,
        "sharpe_ratio_2_5_bps": 120.94395545379415,
        "downside_risk_2_5_bps": 0.005063690837937,