{
    "ALL": {
        "annual_return": 0.2044995142922933,
        "annual_volatility": 0.270732083121286,
        "sharpe_ratio": 0.4656693198379568,
        "downside_risk": 0.18875712727953403,
        "sortino_ratio": 0.7039526502240704,
        "max_drawdown": 0.247083975307527,
        "calmar_ratio": 1.3578959478274857,
        "perc_pos_return": 0.5193287459247187,
        "profit_loss_ratio": 1.0208583577786683,
        "annual_return_0_5_bps": 0.19997154117009702,
        "annual_volatility_0_5_bps": 0.27073943233493225,
        "sharpe_ratio_0_5_bps": 0.45278030965812777,
        "downside_risk_0_5_bps": 0.18885873352309576,
        "sortino_ratio_0_5_bps": 0.6846449630356642,
        "max_drawdown_0_5_bps": 0.247638091424581,
        "calmar_ratio_0_5_bps": 1.327622143698771,
        "perc_pos_return_0_5_bps": 0.5183366824326552,
        "profit_loss_ratio_0_5_bps": 1.0232631290798588,
        "annual_return_1_0_bps": 0.19546574707055978,
        "annual_volatility_1_0_bps": 0.27074680689490527,
        "sharpe_ratio_1_0_bps": 0.4398920813508822,
        "downside_risk_1_0_bps": 0.18896042088464227,
        "sortino_ratio_1_0_bps": 0.6653663267553926,
        "max_drawdown_1_0_bps": 0.24819162768457279,
        "calmar_ratio_1_0_bps": 1.2976309290947206,
        "perc_pos_return_1_0_bps": 0.5183366824326552,
        "profit_loss_ratio_1_0_bps": 1.0209752613237957,
        "annual_return_1_5_bps": 0.19098200446370653,
        "annual_volatility_1_5_bps": 0.2707542067979813,
        "sharpe_ratio_1_5_bps": 0.4270046390459989,
        "downside_risk_1_5_bps": 0.18906218929642976,
        "sortino_ratio_1_5_bps": 0.6461167024225489,
        "max_drawdown_1_5_bps": 0.24874458480368275,
        "calmar_ratio_1_5_bps": 1.2679193623491682,
        "perc_pos_return_1_5_bps": 0.5183366824326552,
        "profit_loss_ratio_1_5_bps": 1.018693668417581,
        "annual_return_2_0_bps": 0.186520186604863,
        "annual_volatility_2_0_bps": 0.2707616320409265,
        "sharpe_ratio_2_0_bps": 0.4141179868710707,
        "downside_risk_2_0_bps": 0.18916403883118305,
        "sortino_ratio_2_0_bps": 0.626896049228327,
        "max_drawdown_2_0_bps": 0.24929696349714925,
        "calmar_ratio_2_0_bps": 1.238484539562169,
        "perc_pos_return_2_0_bps": 0.5173446189405917,
        "profit_loss_ratio_2_0_bps": 1.0211222372797286,
        "annual_return_2_5_bps": 0.18208016752969403,
        "annual_volatility_2_5_bps": 0.27076908262049776,
        "sharpe_ratio_2_5_bps": 0.40123212895150173,
        "downside_risk_2_5_bps": 0.18926596989276376,
        "sortino_ratio_2_5_bps": 0.6077043225771008,
        "max_drawdown_2_5_bps": 0.24984876447926355,
        "calmar_ratio_2_5_bps": 1.2093235939463767,
        "perc_pos_return_2_5_bps": 0.5163564766481015,
        "profit_loss_ratio_2_5_bps": 1.0225567148454986,
        "annual_return_3_0_bps": 0.17766182204930026,
        "annual_volatility_3_0_bps": 0.2707765585334415,
        "sharpe_ratio_3_0_bps": 0.38834706941049196,
        "downside_risk_3_0_bps": 0.1893679824525495,
        "sortino_ratio_3_0_bps": 0.588541484680383,
        "max_drawdown_3_0_bps": 0.25039998846337425,
        "calmar_ratio_3_0_bps": 1.180433695189341,
        "perc_pos_return_3_0_bps": 0.5143643182913545,
        "profit_loss_ratio_3_0_bps": 1.0273459152630193,
        "annual_return_rescaled": 0.10961978711326939,
        "annual_volatility_rescaled": 0.1500000000000002,
        "downside_risk_rescaled": 0.10458150643064303,
        "max_drawdown_rescaled": 0.14525077272988574,
        "annual_return_rescaled_0_5_bps": 0.10744480935217107,
        "annual_volatility_rescaled_0_5_bps": 0.1500000000000001,
        "downside_risk_rescaled_0_5_bps": 0.10463496131372105,
        "max_drawdown_rescaled_0_5_bps": 0.1455923476531405,
        "annual_return_rescaled_1_0_bps": 0.10527557878321775,
        "annual_volatility_rescaled_1_0_bps": 0.15000000000000002,
        "downside_risk_rescaled_1_0_bps": 0.10468844843551045,
        "max_drawdown_rescaled_1_0_bps": 0.1459336937145859,
        "annual_return_rescaled_1_5_bps": 0.10311207760090504,
        "annual_volatility_rescaled_1_5_bps": 0.15000000000000005,
        "downside_risk_rescaled_1_5_bps": 0.10474196774207231,
        "max_drawdown_rescaled_1_5_bps": 0.14627481100391304,
        "annual_return_rescaled_2_0_bps": 0.10095428805796902,
        "annual_volatility_rescaled_2_0_bps": 0.15000000000000022,
        "downside_risk_rescaled_2_0_bps": 0.10479551925728012,
        "max_drawdown_rescaled_2_0_bps": 0.14661569961091447,
        "annual_return_rescaled_2_5_bps": 0.09880219246519278,
        "annual_volatility_rescaled_2_5_bps": 0.15000000000000027,
        "downside_risk_rescaled_2_5_bps": 0.10484910318843566,
        "max_drawdown_rescaled_2_5_bps": 0.1469563596254807,
        "annual_return_rescaled_3_0_bps": 0.0966557731912352,
        "annual_volatility_rescaled_3_0_bps": 0.15000000000000016,
        "downside_risk_rescaled_3_0_bps": 0.10490271950322594,
        "max_drawdown_rescaled_3_0_bps": 0.14729679113760388,
        "sharpe_ratio_years": 0.4656693198379568,
        "sharpe_ratio_years_0_5_bps": 0.45278030965812777,
        "sharpe_ratio_years_1_0_bps": 0.4398920813508822,
        "sharpe_ratio_years_1_5_bps": 0.4270046390459989,
        "sharpe_ratio_years_2_0_bps": 0.4141179868710707,
        "sharpe_ratio_years_2_5_bps": 0.40123212895150173,
        "sharpe_ratio_years_3_0_bps": 0.38834706941049196,
        "sharpe_ratio_years_std": 0.9435675301004345,
        "sharpe_ratio_years_std_0_5_bps": 0.9413595186794519,
        "sharpe_ratio_years_std_1_0_bps": 0.9391875201168928,
        "sharpe_ratio_years_std_1_5_bps": 0.9370517745009218,
        "sharpe_ratio_years_std_2_0_bps": 0.9349525198224161,
        "sharpe_ratio_years_std_2_5_bps": 0.932889991858272,
        "sharpe_ratio_years_std_3_0_bps": 0.930864424053816
    },
    "STOCK": {
        "annual_return": 0.2044995142922933,
        "annual_volatility": 0.270732083121286,
        "sharpe_ratio": 0.4656693198379568,
        "downside_risk": 0.18875712727953403,
        "sortino_ratio": 0.7039526502240704,
        "max_drawdown": 0.247083975307527,
        "calmar_ratio": 1.3578959478274857,
        "perc_pos_return": 0.5193287459247187,
        "profit_loss_ratio": 1.0208583577786683,
        "annual_return_0_5_bps": 0.19997154117009702,
        "annual_volatility_0_5_bps": 0.27073943233493225,
        "sharpe_ratio_0_5_bps": 0.45278030965812777,
        "downside_risk_0_5_bps": 0.18885873352309576,
        "sortino_ratio_0_5_bps": 0.6846449630356642,
        "max_drawdown_0_5_bps": 0.247638091424581,
        "calmar_ratio_0_5_bps": 1.327622143698771,
        "perc_pos_return_0_5_bps": 0.5183366824326552,
        "profit_loss_ratio_0_5_bps": 1.0232631290798588,
        "annual_return_1_0_bps": 0.19546574707055978,
        "annual_volatility_1_0_bps": 0.27074680689490527,
        "sharpe_ratio_1_0_bps": 0.4398920813508822,
        "downside_risk_1_0_bps": 0.18896042088464227,
        "sortino_ratio_1_0_bps": 0.6653663267553926,
        "max_drawdown_1_0_bps": 0.24819162768457279,
        "calmar_ratio_1_0_bps": 1.2976309290947206,
        "perc_pos_return_1_0_bps": 0.5183366824326552,
        "profit_loss_ratio_1_0_bps": 1.0209752613237957,
        "annual_return_1_5_bps": 0.19098200446370653,
        "annual_volatility_1_5_bps": 0.2707542067979813,
        "sharpe_ratio_1_5_bps": 0.4270046390459989,
        "downside_risk_1_5_bps": 0.18906218929642976,
        "sortino_ratio_1_5_bps": 0.6461167024225489,
        "max_drawdown_1_5_bps": 0.24874458480368275,
        "calmar_ratio_1_5_bps": 1.2679193623491682,
        "perc_pos_return_1_5_bps": 0.5183366824326552,
        "profit_loss_ratio_1_5_bps": 1.018693668417581,
        "annual_return_2_0_bps": 0.186520186604863,
        "annual_volatility_2_0_bps": 0.2707616320409265,
        "sharpe_ratio_2_0_bps": 0.4141179868710707,