{
    "ALL": {
        "performance_sw": 109.45247391367346,
        "performance_fw": 83.15501090685902,
        "val_loss": 93.35360263760818,
        "annual_return_2023_2024": 1120.1209108804362,
        "annual_volatility_2023_2024": 0.056486349633422944,
        "sharpe_ratio_2023_2024": 126.09050693902496,
        "downside_risk_2023_2024": 0.0,
        "sortino_ratio_2023_2024": Infinity,
        "max_drawdown_2023_2024": -0.0,
        "calmar_ratio_2023_2024": NaN,
        "perc_pos_return_2023_2024": 1.0,
        "profit_loss_ratio_2023_2024": NaN,
        "sharpe_ratio_2023": 78.87564515960524,
        "annual_return_2023_2024_0_5_bps": 1119.9555154401748,
        "annual_volatility_2023_2024_0_5_bps": 0.056486133113013176,
        "sharpe_ratio_2023_2024_0_5_bps": 126.08830433325659,
        "downside_risk_2023_2024_0_5_bps": 0.0,
        "sortino_ratio_2023_2024_0_5_bps": Infinity,
        "max_drawdown_2023_2024_0_5_bps": -0.0,
        "calmar_ratio_2023_2024_0_5_bps": NaN,
        "perc_pos_return_2023_2024_0_5_bps": 1.0,
        "profit_loss_ratio_2023_2024_0_5_bps": NaN,
        "sharpe_ratio_2023_0_5_bps": 78.88368188368092,
        "annual_return_2023_2024_1_0_bps": 1119.7901442973687,
        "annual_volatility_2023_2024_1_0_bps": 0.056485916692647305,
        "sharpe_ratio_2023_2024_1_0_bps": 126.08610148728741,
        "downside_risk_2023_2024_1_0_bps": 0.0,
        "sortino_ratio_2023_2024_1_0_bps": Infinity,
        "max_drawdown_2023_2024_1_0_bps": -0.0,
        "calmar_ratio_2023_2024_1_0_bps": NaN,
        "perc_pos_return_2023_2024_1_0_bps": 1.0,
        "profit_loss_ratio_2023_2024_1_0_bps": NaN,
        "sharpe_ratio_2023_1_0_bps": 78.89172005519816,
        "annual_return_2023_2024_1_5_bps": 1119.624797448461,
        "annual_volatility_2023_2024_1_5_bps": 0.05648570037232652,
        "sharpe_ratio_2023_2024_1_5_bps": 126.0838984011237,
        "downside_risk_2023_2024_1_5_bps": 0.0,
        "sortino_ratio_2023_2024_1_5_bps": Infinity,
        "max_drawdown_2023_2024_1_5_bps": -0.0,
        "calmar_ratio_2023_2024_1_5_bps": NaN,
        "perc_pos_return_2023_2024_1_5_bps": 1.0,
        "profit_loss_ratio_2023_2024_1_5_bps": NaN,
        "sharpe_ratio_2023_1_5_bps": 78.8997596743187,
        "annual_return_2023_2024_2_0_bps": 1119.4594748899021,
        "annual_volatility_2023_2024_2_0_bps": 0.056485484152051936,
        "sharpe_ratio_2023_2024_2_0_bps": 126.08169507477191,
        "downside_risk_2023_2024_2_0_bps": 0.0,
        "sortino_ratio_2023_2024_2_0_bps": Infinity,
        "max_drawdown_2023_2024_2_0_bps": -0.0,
        "calmar_ratio_2023_2024_2_0_bps": NaN,
        "perc_pos_return_2023_2024_2_0_bps": 1.0,
        "profit_loss_ratio_2023_2024_2_0_bps": NaN,
        "sharpe_ratio_2023_2_0_bps": 78.907800741204,
        "annual_return_2023_2024_2_5_bps": 1119.294176618133,
        "annual_volatility_2023_2024_2_5_bps": 0.05648526803182472,
        "sharpe_ratio_2023_2024_2_5_bps": 126.07949150823842,
        "downside_risk_2023_2024_2_5_bps": 0.0,
        "sortino_ratio_2023_2024_2_5_bps": Infinity,
        "max_drawdown_2023_2024_2_5_bps": -0.0,
        "calmar_ratio_2023_2024_2_5_bps": NaN,
        "perc_pos_return_2023_2024_2_5_bps": 1.0,
        "profit_loss_ratio_2023_2024_2_5_bps": NaN,
        "sharpe_ratio_2023_2_5_bps": 78.91584325601552,
        "annual_return_2023_2024_3_0_bps": 1119.1289026296026,
        "annual_volatility_2023_2024_3_0_bps": 0.056485052011646025,
        "sharpe_ratio_2023_2024_3_0_bps": 126.07728770152958,
        "downside_risk_2023_2024_3_0_bps": 0.0,
        "sortino_ratio_2023_2024_3_0_bps": Infinity,
        "max_drawdown_2023_2024_3_0_bps": -0.0,
        "calmar_ratio_2023_2024_3_0_bps": NaN,
        "perc_pos_return_2023_2024_3_0_bps": 1.0,
        "profit_loss_ratio_2023_2024_3_0_bps": NaN,
        "sharpe_ratio_2023_3_0_bps": 78.9238872189144
    },
    "STOCK": {
        "annual_return_2023_2024": 1120.1209108804362,
        "annual_volatility_2023_2024": 0.056486349633422944,
        "sharpe_ratio_2023_2024": 126.09050693902496,
        "downside_risk_2023_2024": 0.0,
        "sortino_ratio_2023_2024": Infinity,
        "max_drawdown_2023_2024": -0.0,
        "calmar_ratio_2023_2024": NaN,
        "perc_pos_return_2023_2024": 1.0,
        "profit_loss_ratio_2023_2024": NaN,
        "sharpe_ratio_2023": 78.87564515960524,
        "annual_return_2023_2024_0_5_bps": 1119.9555154401748,
        "annual_volatility_2023_2024_0_5_bps": 0.056486133113013176,
        "sharpe_ratio_2023_2024_0_5_bps": 126.08830433325659,
        "downside_risk_2023_2024_0_5_bps": 0.0,
        "sortino_ratio_2023_2024_0_5_bps": Infinity,
        "max_drawdown_2023_2024_0_5_bps": -0.0,
        "calmar_ratio_2023_2024_0_5_bps": NaN,
        "perc_pos_return_2023_2024_0_5_bps": 1.0,
        "profit_loss_ratio_2023_2024_0_5_bps": NaN,
        "sharpe_ratio_2023_0_5_bps": 78.88368188368092,
        "annual_return_2023_2024_1_0_bps": 1119.7901442973687,
        "annual_volatility_2023_2024_1_0_bps": 0.056485916692647305,
        "sharpe_ratio_2023_2024_1_0_bps": 126.08610148728741,
        "downside_risk_2023_2024_1_0_bps": 0.0,
        "sortino_ratio_2023_2024_1_0_bps": Infinity,
        "max_drawdown_2023_2024_1_0_bps": -0.0,
        "calmar_ratio_2023_2024_1_0_bps": NaN,
        "perc_pos_return_2023_2024_1_0_bps": 1.0,
        "profit_loss_ratio_2023_2024_1_0_bps": NaN,
        "sharpe_ratio_2023_1_0_bps": 78.89172005519816,
        "annual_return_2023_2024_1_5_bps": 1119.624797448461,
        "annual_volatility_2023_2024_1_5_bps": 0.05648570037232652,
        "sharpe_ratio_2023_2024_1_5_bps": 126.0838984011237,
        "downside_risk_2023_2024_1_5_bps": 0.0,
        "sortino_ratio_2023_2024_1_5_bps": Infinity,
        "max_drawdown_2023_2024_1_5_bps": -0.0,
        "calmar_ratio_2023_2024_1_5_bps": NaN,
        "perc_pos_return_2023_2024_1_5_bps": 1.0,
        "profit_loss_ratio_2023_2024_1_5_bps": NaN,
        "sharpe_ratio_2023_1_5_bps": 78.8997596743187,
        "annual_return_2023_2024_2_0_bps": 1119.4594748899021,
        "annual_volatility_2023_2024_2_0_bps": 0.056485484152051936,
        "sharpe_ratio_2023_2024_2_0_bps": 126.08169507477191,
        "downside_risk_2023_2024_2_0_bps": 0.0,
        "sortino_ratio_2023_2024_2_0_bps": Infinity,
        "max_drawdown_2023_2024_2_0_bps": -0.0,
        "calmar_ratio_2023_2024_2_0_bps": NaN,
        "perc_pos_return_2023_2024_2_0_bps": 1.0,
        "profit_loss_ratio_2023_2024_2_0_bps": NaN,
        "sharpe_ratio_2023_2_0_bps": 78.907800741204,
        "annual_return_2023_2024_2_5_bps": 1119.294176618133,
        "annual_volatility_2023_2024_2_5_bps": 0.05648526803182472,
        "sharpe_ratio_2023_2024_2_5_bps": 126.07949150823842,
        "downside_risk_2023_2024_2_5_bps": 0.0,
        "sortino_ratio_2023_2024_2_5_bps": Infinity,
        "max_drawdown_2023_2024_2_5_bps": -0.0,
        "calmar_ratio_2023_2024_2_5_bps": NaN,
        "perc_pos_return_2023_2024_2_5_bps": 1.0,
        "profit_loss_ratio_2023_2024_2_5_bps": NaN,
        "sharpe_ratio_2023_2_5_bps": 78.91584325601552,
        "annual_return_2023_2024_3_0_bps": 1119.1289026296026,
        "annual_volatility_2023_2024_3_0_bps": 0.056485052011646025,
        "sharpe_ratio_2023_2024_3_0_bps": 126.07728770152958,
        "downside_risk_2023_2024_3_0_bps": 0.0,
        "sortino_ratio_2023_2024_3_0_bps": Infinity,
        "max_drawdown_2023_2024_3_0_bps": -0.0,
        "calmar_ratio_2023_2024_3_0_bps": NaN,
        "perc_pos_return_2023_2024_3_0_bps": 1.0,
        "profit_loss_ratio_2023_2024_3_0_bps": NaN,
        "sharpe_ratio_2023_3_0_bps": 78.9238872189144
    }
}