{
    "ALL": {
        "performance_sw": 0.2952561074444212,
        "performance_fw": -0.2843002511071124,
        "val_loss": 1.5451006741863307,
        "annual_return_2023_2024": 0.02620683893740461,
        "annual_volatility_2023_2024": 0.10695934911010752,
        "sharpe_ratio_2023_2024": 0.29525610744442127,
        "downside_risk_2023_2024": 0.07819619749092258,
        "sortino_ratio_2023_2024": 0.40386108386798836,
        "max_drawdown_2023_2024": 0.10271386671202642,
        "calmar_ratio_2023_2024": 0.25514411808562687,
        "perc_pos_return_2023_2024": 0.5220883534136547,
        "profit_loss_ratio_2023_2024": 0.9636203303388388,
        "sharpe_ratio_2023": 0.29525610744442127,
        "annual_return_2023_2024_0_5_bps": 0.024972689570397,
        "annual_volatility_2023_2024_0_5_bps": 0.10695823626708989,
        "sharpe_ratio_2023_2024_0_5_bps": 0.284006510786927,
        "downside_risk_2023_2024_0_5_bps": 0.07823258048104102,
        "sortino_ratio_2023_2024_0_5_bps": 0.3882888087719606,
        "max_drawdown_2023_2024_0_5_bps": 0.10298916153339538,
        "calmar_ratio_2023_2024_0_5_bps": 0.24247881231948207,
        "perc_pos_return_2023_2024_0_5_bps": 0.5220883534136547,
        "profit_loss_ratio_2023_2024_0_5_bps": 0.9617387176112713,
        "sharpe_ratio_2023_0_5_bps": 0.284006510786927,
        "annual_return_2023_2024_1_0_bps": 0.023740018214301717,
        "annual_volatility_2023_2024_1_0_bps": 0.10695712649069228,
        "sharpe_ratio_2023_2024_1_0_bps": 0.272756672214632,
        "downside_risk_2023_2024_1_0_bps": 0.07826898146975511,
        "sortino_ratio_2023_2024_1_0_bps": 0.37273092537321306,
        "max_drawdown_2023_2024_1_0_bps": 0.10326437334404699,
        "calmar_ratio_2023_2024_1_0_bps": 0.22989553362423312,
        "perc_pos_return_2023_2024_1_0_bps": 0.5220883534136547,
        "profit_loss_ratio_2023_2024_1_0_bps": 0.9598606131132277,
        "sharpe_ratio_2023_1_0_bps": 0.272756672214632,
        "annual_return_2023_2024_1_5_bps": 0.022508823106495157,
        "annual_volatility_2023_2024_1_5_bps": 0.10695601978101014,
        "sharpe_ratio_2023_2024_1_5_bps": 0.26150659268743054,
        "downside_risk_2023_2024_1_5_bps": 0.07830540043196439,
        "sortino_ratio_2023_2024_1_5_bps": 0.35718742444389695,
        "max_drawdown_2023_2024_1_5_bps": 0.1035395021685737,
        "calmar_ratio_2023_2024_1_5_bps": 0.21739358056646163,
        "perc_pos_return_2023_2024_1_5_bps": 0.5220883534136547,
        "profit_loss_ratio_2023_2024_1_5_bps": 0.9579860070423105,
        "sharpe_ratio_2023_1_5_bps": 0.26150659268743054,
        "annual_return_2023_2024_2_0_bps": 0.02127910248645848,
        "annual_volatility_2023_2024_2_0_bps": 0.10695491613813868,
        "sharpe_ratio_2023_2024_2_0_bps": 0.2502562731653403,
        "downside_risk_2023_2024_2_0_bps": 0.07834183734260275,
        "sortino_ratio_2023_2024_2_0_bps": 0.34165829673344306,
        "max_drawdown_2023_2024_2_0_bps": 0.10381454803156226,
        "calmar_ratio_2023_2024_2_0_bps": 0.20497225957183854,
        "perc_pos_return_2023_2024_2_0_bps": 0.5220883534136547,
        "profit_loss_ratio_2023_2024_2_0_bps": 0.9561148896326064,
        "sharpe_ratio_2023_2_0_bps": 0.2502562731653403,
        "annual_return_2023_2024_2_5_bps": 0.020050854595760725,
        "annual_volatility_2023_2024_2_5_bps": 0.10695381556217283,
        "sharpe_ratio_2023_2024_2_5_bps": 0.23900571460850023,
        "downside_risk_2023_2024_2_5_bps": 0.07837829217663826,
        "sortino_ratio_2023_2024_2_5_bps": 0.32614353296871307,
        "max_drawdown_2023_2024_2_5_bps": 0.10408951095759164,
        "calmar_ratio_2023_2024_2_5_bps": 0.19263088481537669,
        "perc_pos_return_2023_2024_2_5_bps": 0.5220883534136547,
        "profit_loss_ratio_2023_2024_2_5_bps": 0.954247251154517,
        "sharpe_ratio_2023_2_5_bps": 0.23900571460850023,
        "annual_return_2023_2024_3_0_bps": 0.018824077678049056,
        "annual_volatility_2023_2024_3_0_bps": 0.10695271805320729,
        "sharpe_ratio_2023_2024_3_0_bps": 0.22775491797716893,
        "downside_risk_2023_2024_3_0_bps": 0.07841476490907333,
        "sortino_ratio_2023_2024_3_0_bps": 0.3106431238541522,
        "max_drawdown_2023_2024_3_0_bps": 0.10436439097123593,
        "calmar_ratio_2023_2024_3_0_bps": 0.1803687781135732,
        "perc_pos_return_2023_2024_3_0_bps": 0.5220883534136547,
        "profit_loss_ratio_2023_2024_3_0_bps": 0.9523830819145903,
        "sharpe_ratio_2023_3_0_bps": 0.22775491797716893
    },
    "STOCK": {
        "annual_return_2023_2024": 0.02620683893740461,
        "annual_volatility_2023_2024": 0.10695934911010752,
        "sharpe_ratio_2023_2024": 0.29525610744442127,
        "downside_risk_2023_2024": 0.07819619749092258,
        "sortino_ratio_2023_2024": 0.40386108386798836,
        "max_drawdown_2023_2024": 0.10271386671202642,
        "calmar_ratio_2023_2024": 0.25514411808562687,
        "perc_pos_return_2023_2024": 0.5220883534136547,
        "profit_loss_ratio_2023_2024": 0.9636203303388388,
        "sharpe_ratio_2023": 0.29525610744442127,
        "annual_return_2023_2024_0_5_bps": 0.024972689570397,
        "annual_volatility_2023_2024_0_5_bps": 0.10695823626708989,
        "sharpe_ratio_2023_2024_0_5_bps": 0.284006510786927,
        "downside_risk_2023_2024_0_5_bps": 0.07823258048104102,
        "sortino_ratio_2023_2024_0_5_bps": 0.3882888087719606,
        "max_drawdown_2023_2024_0_5_bps": 0.10298916153339538,
        "calmar_ratio_2023_2024_0_5_bps": 0.24247881231948207,
        "perc_pos_return_2023_2024_0_5_bps": 0.5220883534136547,
        "profit_loss_ratio_2023_2024_0_5_bps": 0.9617387176112713,
        "sharpe_ratio_2023_0_5_bps": 0.284006510786927,
        "annual_return_2023_2024_1_0_bps": 0.023740018214301717,
        "annual_volatility_2023_2024_1_0_bps": 0.10695712649069228,
        "sharpe_ratio_2023_2024_1_0_bps": 0.272756672214632,
        "downside_risk_2023_2024_1_0_bps": 0.07826898146975511,
        "sortino_ratio_2023_2024_1_0_bps": 0.37273092537321306,
        "max_drawdown_2023_2024_1_0_bps": 0.10326437334404699,
        "calmar_ratio_2023_2024_1_0_bps": 0.22989553362423312,
        "perc_pos_return_2023_2024_1_0_bps": 0.5220883534136547,
        "profit_loss_ratio_2023_2024_1_0_bps": 0.9598606131132277,
        "sharpe_ratio_2023_1_0_bps": 0.272756672214632,
        "annual_return_2023_2024_1_5_bps": 0.022508823106495157,
        "annual_volatility_2023_2024_1_5_bps": 0.10695601978101014,
        "sharpe_ratio_2023_2024_1_5_bps": 0.26150659268743054,
        "downside_risk_2023_2024_1_5_bps": 0.07830540043196439,
        "sortino_ratio_2023_2024_1_5_bps": 0.35718742444389695,
        "max_drawdown_2023_2024_1_5_bps": 0.1035395021685737,
        "calmar_ratio_2023_2024_1_5_bps": 0.21739358056646163,
        "perc_pos_return_2023_2024_1_5_bps": 0.5220883534136547,
        "profit_loss_ratio_2023_2024_1_5_bps": 0.9579860070423105,
        "sharpe_ratio_2023_1_5_bps": 0.26150659268743054,
        "annual_return_2023_2024_2_0_bps": 0.02127910248645848,
        "annual_volatility_2023_2024_2_0_bps": 0.10695491613813868,
        "sharpe_ratio_2023_2024_2_0_bps": 0.2502562731653403,
        "downside_risk_2023_2024_2_0_bps": 0.07834183734260275,
        "sortino_ratio_2023_2024_2_0_bps": 0.34165829673344306,
        "max_drawdown_2023_2024_2_0_bps": 0.10381454803156226,
        "calmar_ratio_2023_2024_2_0_bps": 0.20497225957183854,
        "perc_pos_return_2023_2024_2_0_bps": 0.5220883534136547,
        "profit_loss_ratio_2023_2024_2_0_bps": 0.9561148896326064,
        "sharpe_ratio_2023_2_0_bps": 0.2502562731653403,
        "annual_return_2023_2024_2_5_bps": 0.020050854595760725,
        "annual_volatility_2023_2024_2_5_bps": 0.10695381556217283,
        "sharpe_ratio_2023_2024_2_5_bps": 0.23900571460850023,
        "downside_risk_2023_2024_2_5_bps": 0.07837829217663826,
        "sortino_ratio_2023_2024_2_5_bps": 0.32614353296871307,