{
    "ALL": {
        "annual_return": 0.177575999556666,
        "annual_volatility": 0.206246276951844,
        "sharpe_ratio": 0.7960078362474248,
        "downside_risk": 0.1427011752151705,
        "sortino_ratio": 1.156490272486276,
        "max_drawdown": 0.23071890694498104,
        "calmar_ratio": 0.9448267969882334,
        "perc_pos_return": 0.5152416923895697,
        "profit_loss_ratio": 1.1008839987709036,
        "annual_return_0_5_bps": 0.175252208830511,
        "annual_volatility_0_5_bps": 0.20624819215268578,
        "sharpe_ratio_0_5_bps": 0.7859343853293241,
        "downside_risk_0_5_bps": 0.1427586964172205,
        "sortino_ratio_0_5_bps": 1.1409914250939825,
        "max_drawdown_0_5_bps": 0.23111561179323353,
        "calmar_ratio_0_5_bps": 0.931425666025644,
        "perc_pos_return_0_5_bps": 0.5152416923895697,
        "profit_loss_ratio_0_5_bps": 1.098878580342864,
        "annual_return_1_0_bps": 0.17293380341874276,
        "annual_volatility_1_0_bps": 0.2062501168992675,
        "sharpe_ratio_1_0_bps": 0.7758610518792782,
        "downside_risk_1_0_bps": 0.14281625521262925,
        "sortino_ratio_1_0_bps": 1.125508894645756,
        "max_drawdown_1_0_bps": 0.23151200840480451,
        "calmar_ratio_1_0_bps": 0.9180977365230036,
        "perc_pos_return_1_0_bps": 0.5152416923895697,
        "profit_loss_ratio_1_0_bps": 1.0968773853543248,
        "annual_return_1_5_bps": 0.17062076897648049,
        "annual_volatility_1_5_bps": 0.20625205119138126,
        "sharpe_ratio_1_5_bps": 0.765787837389778,
        "downside_risk_1_5_bps": 0.142873851538258,
        "sortino_ratio_1_5_bps": 1.1100426701034332,
        "max_drawdown_1_5_bps": 0.23190809704241452,
        "calmar_ratio_1_5_bps": 0.9048423226820003,
        "perc_pos_return_1_5_bps": 0.5152416923895697,
        "profit_loss_ratio_1_5_bps": 1.094880399776749,
        "annual_return_2_0_bps": 0.16831309120075577,
        "annual_volatility_2_0_bps": 0.20625399502881575,
        "sharpe_ratio_2_0_bps": 0.7557147433532285,
        "downside_risk_2_0_bps": 0.1429314854420685,
        "sortino_ratio_2_0_bps": 1.0945927379037403,
        "max_drawdown_2_0_bps": 0.23230387796855753,
        "calmar_ratio_2_0_bps": 0.8916587507502831,
        "perc_pos_return_2_0_bps": 0.513261486605016,
        "profit_loss_ratio_2_0_bps": 1.1006957998012608,
        "annual_return_2_5_bps": 0.1660107558304,
        "annual_volatility_2_5_bps": 0.20625594841135902,
        "sharpe_ratio_2_5_bps": 0.7456417712619503,
        "downside_risk_2_5_bps": 0.14298915697655376,
        "sortino_ratio_2_5_bps": 1.0791590845011807,
        "max_drawdown_2_5_bps": 0.23269935144549903,
        "calmar_ratio_2_5_bps": 0.878546358690297,
        "perc_pos_return_2_5_bps": 0.513261486605016,
        "profit_loss_ratio_2_5_bps": 1.0986939422123148,
        "annual_return_3_0_bps": 0.16371374864589777,
        "annual_volatility_3_0_bps": 0.20625791133879776,
        "sharpe_ratio_3_0_bps": 0.7355689226081745,
        "downside_risk_3_0_bps": 0.14304686607888753,
        "sortino_ratio_3_0_bps": 1.0637416988429025,
        "max_drawdown_3_0_bps": 0.233094517735277,
        "calmar_ratio_3_0_bps": 0.8655044958598528,
        "perc_pos_return_3_0_bps": 0.513261486605016,
        "profit_loss_ratio_3_0_bps": 1.0966962928568453,
        "annual_return_rescaled": 0.1301416065198472,
        "annual_volatility_rescaled": 0.1500000000000003,
        "downside_risk_rescaled": 0.10378454631340325,
        "max_drawdown_rescaled": 0.17438736353625595,
        "annual_return_rescaled_0_5_bps": 0.12853096540019227,
        "annual_volatility_rescaled_0_5_bps": 0.15000000000000005,
        "downside_risk_rescaled_0_5_bps": 0.10382541654828384,
        "max_drawdown_rescaled_0_5_bps": 0.17469435648462417,
        "annual_return_rescaled_1_0_bps": 0.12692304730162307,
        "annual_volatility_rescaled_1_0_bps": 0.1500000000000003,
        "downside_risk_rescaled_1_0_bps": 0.10386630855757104,
        "max_drawdown_rescaled_1_0_bps": 0.17500116434200377,
        "annual_return_rescaled_1_5_bps": 0.12531784711502092,
        "annual_volatility_rescaled_1_5_bps": 0.15000000000000022,
        "downside_risk_rescaled_1_5_bps": 0.1039072222891633,
        "max_drawdown_rescaled_1_5_bps": 0.1753077871896484,
        "annual_return_rescaled_2_0_bps": 0.12371535974128842,
        "annual_volatility_rescaled_2_0_bps": 0.1500000000000003,
        "downside_risk_rescaled_2_0_bps": 0.10394815777175619,
        "max_drawdown_rescaled_2_0_bps": 0.17561422510882768,
        "annual_return_rescaled_2_5_bps": 0.12211558009132845,
        "annual_volatility_rescaled_2_5_bps": 0.15000000000000044,
        "downside_risk_rescaled_2_5_bps": 0.1039891150373333,
        "max_drawdown_rescaled_2_5_bps": 0.17592047818082684,
        "annual_return_rescaled_3_0_bps": 0.1205185030860279,
        "annual_volatility_rescaled_3_0_bps": 0.1500000000000005,
        "downside_risk_rescaled_3_0_bps": 0.10403009403400766,
        "max_drawdown_rescaled_3_0_bps": 0.17622654648694405,
        "sharpe_ratio_years": 0.7960078362474248,
        "sharpe_ratio_years_0_5_bps": 0.7859343853293241,
        "sharpe_ratio_years_1_0_bps": 0.7758610518792782,
        "sharpe_ratio_years_1_5_bps": 0.765787837389778,
        "sharpe_ratio_years_2_0_bps": 0.7557147433532285,
        "sharpe_ratio_years_2_5_bps": 0.7456417712619503,
        "sharpe_ratio_years_3_0_bps": 0.7355689226081745,
        "sharpe_ratio_years_std": 0.7700347391367572,
        "sharpe_ratio_years_std_0_5_bps": 0.7687828555808005,
        "sharpe_ratio_years_std_1_0_bps": 0.7675462638999554,
        "sharpe_ratio_years_std_1_5_bps": 0.7663250394017299,
        "sharpe_ratio_years_std_2_0_bps": 0.7651192569355262,
        "sharpe_ratio_years_std_2_5_bps": 0.7639289908738871,
        "sharpe_ratio_years_std_3_0_bps": 0.7627543150936277
    },
    "STOCK": {
        "annual_return": 0.177575999556666,
        "annual_volatility": 0.206246276951844,
        "sharpe_ratio": 0.7960078362474248,
        "downside_risk": 0.1427011752151705,
        "sortino_ratio": 1.156490272486276,
        "max_drawdown": 0.23071890694498104,
        "calmar_ratio": 0.9448267969882334,
        "perc_pos_return": 0.5152416923895697,
        "profit_loss_ratio": 1.1008839987709036,
        "annual_return_0_5_bps": 0.175252208830511,
        "annual_volatility_0_5_bps": 0.20624819215268578,
        "sharpe_ratio_0_5_bps": 0.7859343853293241,
        "downside_risk_0_5_bps": 0.1427586964172205,
        "sortino_ratio_0_5_bps": 1.1409914250939825,
        "max_drawdown_0_5_bps": 0.23111561179323353,
        "calmar_ratio_0_5_bps": 0.931425666025644,
        "perc_pos_return_0_5_bps": 0.5152416923895697,
        "profit_loss_ratio_0_5_bps": 1.098878580342864,
        "annual_return_1_0_bps": 0.17293380341874276,
        "annual_volatility_1_0_bps": 0.2062501168992675,
        "sharpe_ratio_1_0_bps": 0.7758610518792782,
        "downside_risk_1_0_bps": 0.14281625521262925,
        "sortino_ratio_1_0_bps": 1.125508894645756,
        "max_drawdown_1_0_bps": 0.23151200840480451,
        "calmar_ratio_1_0_bps": 0.9180977365230036,
        "perc_pos_return_1_0_bps": 0.5152416923895697,
        "profit_loss_ratio_1_0_bps": 1.0968773853543248,
        "annual_return_1_5_bps": 0.17062076897648049,
        "annual_volatility_1_5_bps": 0.20625205119138126,
        "sharpe_ratio_1_5_bps": 0.765787837389778,
        "downside_risk_1_5_bps": 0.142873851538258,
        "sortino_ratio_1_5_bps": 1.1100426701034332,
        "max_drawdown_1_5_bps": 0.23190809704241452,
        "calmar_ratio_1_5_bps": 0.9048423226820003,
        "perc_pos_return_1_5_bps": 0.5152416923895697,
        "profit_loss_ratio_1_5_bps": 1.094880399776749,
        "annual_return_2_0_bps": 0.16831309120075577,
        "annual_volatility_2_0_bps": 0.20625399502881575,
        "sharpe_ratio_2_0_bps": 0.7557147433532285,
        "downside_risk_2_0_bps": 0.1429314854420685,