{
    "ALL": {
        "performance_sw": 0.06215123635643252,
        "performance_fw": -0.2642316908972101,
        "val_loss": 0.86028707809157,
        "annual_return_2023_2024": 0.0018988549061929039,
        "annual_volatility_2023_2024": 0.053279514103673674,
        "sharpe_ratio_2023_2024": 0.06215123635643265,
        "downside_risk_2023_2024": 0.038205381527582065,
        "sortino_ratio_2023_2024": 0.08667333086629903,
        "max_drawdown_2023_2024": 0.05352643889014068,
        "calmar_ratio_2023_2024": 0.035475083819608705,
        "perc_pos_return_2023_2024": 0.4939759036144578,
        "profit_loss_ratio_2023_2024": 1.0348007199093163,
        "sharpe_ratio_2023": 0.06215123635643265,
        "annual_return_2023_2024_0_5_bps": 0.0010200116618930277,
        "annual_volatility_2023_2024_0_5_bps": 0.053276118111824845,
        "sharpe_ratio_2023_2024_0_5_bps": 0.045679851907594396,
        "downside_risk_2023_2024_0_5_bps": 0.03823351459936141,
        "sortino_ratio_2023_2024_0_5_bps": 0.06365214422637237,
        "max_drawdown_2023_2024_0_5_bps": 0.05394704689849711,
        "calmar_ratio_2023_2024_0_5_bps": 0.018907645933098217,
        "perc_pos_return_2023_2024_0_5_bps": 0.4939759036144578,
        "profit_loss_ratio_2023_2024_0_5_bps": 1.0320313271310444,
        "sharpe_ratio_2023_0_5_bps": 0.045679851907594396,
        "annual_return_2023_2024_1_0_bps": 0.00014193583941257693,
        "annual_volatility_2023_2024_1_0_bps": 0.05327272991411646,
        "sharpe_ratio_2023_2024_1_0_bps": 0.02920636317332214,
        "downside_risk_2023_2024_1_0_bps": 0.03826166833943525,
        "sortino_ratio_2023_2024_1_0_bps": 0.040664789713373825,
        "max_drawdown_2023_2024_1_0_bps": 0.054367469696964196,
        "calmar_ratio_2023_2024_1_0_bps": 0.0026106758361885366,
        "perc_pos_return_2023_2024_1_0_bps": 0.4939759036144578,
        "profit_loss_ratio_2023_2024_1_0_bps": 1.0292690992523574,
        "sharpe_ratio_2023_1_0_bps": 0.02920636317332214,
        "annual_return_2023_2024_1_5_bps": -0.000735373228351377,
        "annual_volatility_2023_2024_1_5_bps": 0.05326934951203577,
        "sharpe_ratio_2023_2024_1_5_bps": 0.01273077698272079,
        "downside_risk_2023_2024_1_5_bps": 0.03828984270221266,
        "sortino_ratio_2023_2024_1_5_bps": 0.01771122994488418,
        "max_drawdown_2023_2024_1_5_bps": 0.05478770736635736,
        "calmar_ratio_2023_2024_1_5_bps": -0.013422230345103585,
        "perc_pos_return_2023_2024_1_5_bps": 0.4939759036144578,
        "profit_loss_ratio_2023_2024_1_5_bps": 1.0265140085039206,
        "sharpe_ratio_2023_1_5_bps": 0.01273077698272079,
        "annual_return_2023_2024_2_0_bps": -0.001611916207902353,
        "annual_volatility_2023_2024_2_0_bps": 0.053265976907066956,
        "sharpe_ratio_2023_2024_2_0_bps": -0.003746899829689567,
        "downside_risk_2023_2024_2_0_bps": 0.038318037642203456,
        "sortino_ratio_2023_2024_2_0_bps": -0.005208572570050346,
        "max_drawdown_2023_2024_2_0_bps": 0.05520775998744055,
        "calmar_ratio_2023_2024_2_0_bps": -0.029197276039981603,
        "perc_pos_return_2023_2024_2_0_bps": 0.4939759036144578,
        "profit_loss_ratio_2023_2024_2_0_bps": 1.023766027259715,
        "sharpe_ratio_2023_2_0_bps": -0.003746899829689567,
        "annual_return_2023_2024_2_5_bps": -0.002487693765185872,
        "annual_volatility_2023_2024_2_5_bps": 0.053262612100691185,
        "sharpe_ratio_2023_2024_2_5_bps": -0.020226660423982617,
        "downside_risk_2023_2024_2_5_bps": 0.038346253197996547,
        "sortino_ratio_2023_2024_2_5_bps": -0.028094655368083636,
        "max_drawdown_2023_2024_2_5_bps": 0.05562762764095185,
        "calmar_ratio_2023_2024_2_5_bps": -0.04472047201514102,
        "perc_pos_return_2023_2024_2_5_bps": 0.4899598393574297,
        "profit_loss_ratio_2023_2024_2_5_bps": 1.037564008214283,
        "sharpe_ratio_2023_2_5_bps": -0.020226660423982617,
        "annual_return_2023_2024_3_0_bps": -0.0033627065655562616,
        "annual_volatility_2023_2024_3_0_bps": 0.05325925509438653,
        "sharpe_ratio_2023_2024_3_0_bps": -0.03670849795484111,
        "downside_risk_2023_2024_3_0_bps": 0.038374489812430176,
        "sortino_ratio_2023_2024_3_0_bps": -0.050947055355387884,
        "max_drawdown_2023_2024_3_0_bps": 0.05604731040758953,
        "calmar_ratio_2023_2024_3_0_bps": -0.05999764379596185,
        "perc_pos_return_2023_2024_3_0_bps": 0.4899598393574297,
        "profit_loss_ratio_2023_2024_3_0_bps": 1.0347859965565385,
        "sharpe_ratio_2023_3_0_bps": -0.03670849795484111
    },
    "STOCK": {
        "annual_return_2023_2024": 0.0018988549061929039,
        "annual_volatility_2023_2024": 0.053279514103673674,
        "sharpe_ratio_2023_2024": 0.06215123635643265,
        "downside_risk_2023_2024": 0.038205381527582065,
        "sortino_ratio_2023_2024": 0.08667333086629903,
        "max_drawdown_2023_2024": 0.05352643889014068,
        "calmar_ratio_2023_2024": 0.035475083819608705,
        "perc_pos_return_2023_2024": 0.4939759036144578,
        "profit_loss_ratio_2023_2024": 1.0348007199093163,
        "sharpe_ratio_2023": 0.06215123635643265,
        "annual_return_2023_2024_0_5_bps": 0.0010200116618930277,
        "annual_volatility_2023_2024_0_5_bps": 0.053276118111824845,
        "sharpe_ratio_2023_2024_0_5_bps": 0.045679851907594396,
        "downside_risk_2023_2024_0_5_bps": 0.03823351459936141,
        "sortino_ratio_2023_2024_0_5_bps": 0.06365214422637237,
        "max_drawdown_2023_2024_0_5_bps": 0.05394704689849711,
        "calmar_ratio_2023_2024_0_5_bps": 0.018907645933098217,
        "perc_pos_return_2023_2024_0_5_bps": 0.4939759036144578,
        "profit_loss_ratio_2023_2024_0_5_bps": 1.0320313271310444,
        "sharpe_ratio_2023_0_5_bps": 0.045679851907594396,
        "annual_return_2023_2024_1_0_bps": 0.00014193583941257693,
        "annual_volatility_2023_2024_1_0_bps": 0.05327272991411646,
        "sharpe_ratio_2023_2024_1_0_bps": 0.02920636317332214,
        "downside_risk_2023_2024_1_0_bps": 0.03826166833943525,
        "sortino_ratio_2023_2024_1_0_bps": 0.040664789713373825,
        "max_drawdown_2023_2024_1_0_bps": 0.054367469696964196,
        "calmar_ratio_2023_2024_1_0_bps": 0.0026106758361885366,
        "perc_pos_return_2023_2024_1_0_bps": 0.4939759036144578,
        "profit_loss_ratio_2023_2024_1_0_bps": 1.0292690992523574,
        "sharpe_ratio_2023_1_0_bps": 0.02920636317332214,
        "annual_return_2023_2024_1_5_bps": -0.000735373228351377,
        "annual_volatility_2023_2024_1_5_bps": 0.05326934951203577,
        "sharpe_ratio_2023_2024_1_5_bps": 0.01273077698272079,
        "downside_risk_2023_2024_1_5_bps": 0.03828984270221266,
        "sortino_ratio_2023_2024_1_5_bps": 0.01771122994488418,
        "max_drawdown_2023_2024_1_5_bps": 0.05478770736635736,
        "calmar_ratio_2023_2024_1_5_bps": -0.013422230345103585,
        "perc_pos_return_2023_2024_1_5_bps": 0.4939759036144578,
        "profit_loss_ratio_2023_2024_1_5_bps": 1.0265140085039206,
        "sharpe_ratio_2023_1_5_bps": 0.01273077698272079,
        "annual_return_2023_2024_2_0_bps": -0.001611916207902353,
        "annual_volatility_2023_2024_2_0_bps": 0.053265976907066956,
        "sharpe_ratio_2023_2024_2_0_bps": -0.003746899829689567,
        "downside_risk_2023_2024_2_0_bps": 0.038318037642203456,
        "sortino_ratio_2023_2024_2_0_bps": -0.005208572570050346,
        "max_drawdown_2023_2024_2_0_bps": 0.05520775998744055,
        "calmar_ratio_2023_2024_2_0_bps": -0.029197276039981603,
        "perc_pos_return_2023_2024_2_0_bps": 0.4939759036144578,
        "profit_loss_ratio_2023_2024_2_0_bps": 1.023766027259715,
        "sharpe_ratio_2023_2_0_bps": -0.003746899829689567,
        "annual_return_2023_2024_2_5_bps": -0.002487693765185872,
        "annual_volatility_2023_2024_2_5_bps": 0.053262612100691185,
        "sharpe_ratio_2023_2024_2_5_bps": -0.020226660423982617,