{
    "ALL": {
        "performance_sw": 1.1917162056595476,
        "performance_fw": 1.252673616670044,
        "val_loss": 4.123395999317259,
        "annual_return_2022_2023": 2.791852903121592,
        "annual_volatility_2022_2023": 0.34214293505037796,
        "sharpe_ratio_2022_2023": 4.0747583923935045,
        "downside_risk_2022_2023": 0.1866578849404179,
        "sortino_ratio_2022_2023": 7.469011000739092,
        "max_drawdown_2022_2023": 0.15035727261696613,
        "calmar_ratio_2022_2023": 18.568126799119412,
        "perc_pos_return_2022_2023": 0.6055776892430279,
        "profit_loss_ratio_2022_2023": 1.2935491963509718,
        "sharpe_ratio_2022": 4.074758392393507,
        "annual_return_2022_2023_0_5_bps": 2.7895622607789523,
        "annual_volatility_2022_2023_0_5_bps": 0.3421439557631433,
        "sharpe_ratio_2022_2023_0_5_bps": 4.072972058359394,
        "downside_risk_2022_2023_0_5_bps": 0.18667546597055482,
        "sortino_ratio_2022_2023_0_5_bps": 7.46505580963513,
        "max_drawdown_2022_2023_0_5_bps": 0.1503687959861581,
        "calmar_ratio_2022_2023_0_5_bps": 18.55147035316915,
        "perc_pos_return_2022_2023_0_5_bps": 0.6055776892430279,
        "profit_loss_ratio_2022_2023_0_5_bps": 1.2931613646680487,
        "sharpe_ratio_2022_0_5_bps": 4.072972058359394,
        "annual_return_2022_2023_1_0_bps": 2.787272995714196,
        "annual_volatility_2022_2023_1_0_bps": 0.34214497724962584,
        "sharpe_ratio_2022_2023_1_0_bps": 4.071185725777069,
        "downside_risk_2022_2023_1_0_bps": 0.18669304902520503,
        "sortino_ratio_2022_2023_1_0_bps": 7.4611012825493015,
        "max_drawdown_2022_2023_1_0_bps": 0.1503803192229337,
        "calmar_ratio_2022_2023_1_0_bps": 18.534825634876853,
        "perc_pos_return_2022_2023_1_0_bps": 0.6055776892430279,
        "profit_loss_ratio_2022_2023_1_0_bps": 1.2927736636971572,
        "sharpe_ratio_2022_1_0_bps": 4.071185725777071,
        "annual_return_2022_2023_1_5_bps": 2.784985107103118,
        "annual_volatility_2022_2023_1_5_bps": 0.3421459995098188,
        "sharpe_ratio_2022_2023_1_5_bps": 4.069399394658721,
        "downside_risk_2022_2023_1_5_bps": 0.18671063410379674,
        "sortino_ratio_2022_2023_1_5_bps": 7.457147419445491,
        "max_drawdown_2022_2023_1_5_bps": 0.15039184232729577,
        "calmar_ratio_2022_2023_1_5_bps": 18.518192636022054,
        "perc_pos_return_2022_2023_1_5_bps": 0.6055776892430279,
        "profit_loss_ratio_2022_2023_1_5_bps": 1.2923860933722273,
        "sharpe_ratio_2022_1_5_bps": 4.0693993946587215,
        "annual_return_2022_2023_2_0_bps": 2.7826985941219853,
        "annual_volatility_2022_2023_2_0_bps": 0.34214702254371493,
        "sharpe_ratio_2022_2023_2_0_bps": 4.0676130650165305,
        "downside_risk_2022_2023_2_0_bps": 0.18672822120575805,
        "sortino_ratio_2022_2023_2_0_bps": 7.453194220287491,
        "max_drawdown_2022_2023_2_0_bps": 0.15040336529924433,
        "calmar_ratio_2022_2023_2_0_bps": 18.501571348390343,
        "perc_pos_return_2022_2023_2_0_bps": 0.6055776892430279,
        "profit_loss_ratio_2022_2023_2_0_bps": 1.291998653627233,
        "sharpe_ratio_2022_2_0_bps": 4.067613065016529,
        "annual_return_2022_2023_2_5_bps": 2.780413455947585,
        "annual_volatility_2022_2023_2_5_bps": 0.3421480463513076,
        "sharpe_ratio_2022_2023_2_5_bps": 4.065826736862692,
        "downside_risk_2022_2023_2_5_bps": 0.18674581033051746,
        "sortino_ratio_2022_2023_2_5_bps": 7.449241685039025,
        "max_drawdown_2022_2023_2_5_bps": 0.15041488813878068,
        "calmar_ratio_2022_2023_2_5_bps": 18.484961763773207,
        "perc_pos_return_2022_2023_2_5_bps": 0.6055776892430279,
        "profit_loss_ratio_2022_2023_2_5_bps": 1.2916113443961927,
        "sharpe_ratio_2022_2_5_bps": 4.0658267368626895,
        "annual_return_2022_2023_3_0_bps": 2.7781296917571816,
        "annual_volatility_2022_2023_3_0_bps": 0.3421490709325897,
        "sharpe_ratio_2022_2023_3_0_bps": 4.064040410209393,
        "downside_risk_2022_2023_3_0_bps": 0.18676340147750325,
        "sortino_ratio_2022_2023_3_0_bps": 7.44528981366373,
        "max_drawdown_2022_2023_3_0_bps": 0.1504264108459065,
        "calmar_ratio_2022_2023_3_0_bps": 18.468363873967828,
        "perc_pos_return_2022_2023_3_0_bps": 0.6055776892430279,
        "profit_loss_ratio_2022_2023_3_0_bps": 1.2912241656131702,
        "sharpe_ratio_2022_3_0_bps": 4.064040410209391
    },
    "STOCK": {
        "annual_return_2022_2023": 2.791852903121592,
        "annual_volatility_2022_2023": 0.34214293505037796,
        "sharpe_ratio_2022_2023": 4.0747583923935045,
        "downside_risk_2022_2023": 0.1866578849404179,
        "sortino_ratio_2022_2023": 7.469011000739092,
        "max_drawdown_2022_2023": 0.15035727261696613,
        "calmar_ratio_2022_2023": 18.568126799119412,
        "perc_pos_return_2022_2023": 0.6055776892430279,
        "profit_loss_ratio_2022_2023": 1.2935491963509718,
        "sharpe_ratio_2022": 4.074758392393507,
        "annual_return_2022_2023_0_5_bps": 2.7895622607789523,
        "annual_volatility_2022_2023_0_5_bps": 0.3421439557631433,
        "sharpe_ratio_2022_2023_0_5_bps": 4.072972058359394,
        "downside_risk_2022_2023_0_5_bps": 0.18667546597055482,
        "sortino_ratio_2022_2023_0_5_bps": 7.46505580963513,
        "max_drawdown_2022_2023_0_5_bps": 0.1503687959861581,
        "calmar_ratio_2022_2023_0_5_bps": 18.55147035316915,
        "perc_pos_return_2022_2023_0_5_bps": 0.6055776892430279,
        "profit_loss_ratio_2022_2023_0_5_bps": 1.2931613646680487,
        "sharpe_ratio_2022_0_5_bps": 4.072972058359394,
        "annual_return_2022_2023_1_0_bps": 2.787272995714196,
        "annual_volatility_2022_2023_1_0_bps": 0.34214497724962584,
        "sharpe_ratio_2022_2023_1_0_bps": 4.071185725777069,
        "downside_risk_2022_2023_1_0_bps": 0.18669304902520503,
        "sortino_ratio_2022_2023_1_0_bps": 7.4611012825493015,
        "max_drawdown_2022_2023_1_0_bps": 0.1503803192229337,
        "calmar_ratio_2022_2023_1_0_bps": 18.534825634876853,
        "perc_pos_return_2022_2023_1_0_bps": 0.6055776892430279,
        "profit_loss_ratio_2022_2023_1_0_bps": 1.2927736636971572,
        "sharpe_ratio_2022_1_0_bps": 4.071185725777071,
        "annual_return_2022_2023_1_5_bps": 2.784985107103118,
        "annual_volatility_2022_2023_1_5_bps": 0.3421459995098188,
        "sharpe_ratio_2022_2023_1_5_bps": 4.069399394658721,
        "downside_risk_2022_2023_1_5_bps": 0.18671063410379674,
        "sortino_ratio_2022_2023_1_5_bps": 7.457147419445491,
        "max_drawdown_2022_2023_1_5_bps": 0.15039184232729577,
        "calmar_ratio_2022_2023_1_5_bps": 18.518192636022054,
        "perc_pos_return_2022_2023_1_5_bps": 0.6055776892430279,
        "profit_loss_ratio_2022_2023_1_5_bps": 1.2923860933722273,
        "sharpe_ratio_2022_1_5_bps": 4.0693993946587215,
        "annual_return_2022_2023_2_0_bps": 2.7826985941219853,
        "annual_volatility_2022_2023_2_0_bps": 0.34214702254371493,
        "sharpe_ratio_2022_2023_2_0_bps": 4.0676130650165305,
        "downside_risk_2022_2023_2_0_bps": 0.18672822120575805,
        "sortino_ratio_2022_2023_2_0_bps": 7.453194220287491,
        "max_drawdown_2022_2023_2_0_bps": 0.15040336529924433,
        "calmar_ratio_2022_2023_2_0_bps": 18.501571348390343,
        "perc_pos_return_2022_2023_2_0_bps": 0.6055776892430279,
        "profit_loss_ratio_2022_2023_2_0_bps": 1.291998653627233,
        "sharpe_ratio_2022_2_0_bps": 4.067613065016529,
        "annual_return_2022_2023_2_5_bps": 2.780413455947585,
        "annual_volatility_2022_2023_2_5_bps": 0.3421480463513076,
        "sharpe_ratio_2022_2023_2_5_bps": 4.065826736862692,
        "downside_risk_2022_2023_2_5_bps": 0.18674581033051746,
        "sortino_ratio_2022_2023_2_5_bps": 7.449241685039025,
        "max_drawdown_2022_2023_2_5_bps": 0.15041488813878068,
        "calmar_ratio_2022_2023_2_5_bps": 18.484961763773207,