{
    "ALL": {
        "performance_sw": 1.8539146993663866,
        "performance_fw": 1.4169435975516866,
        "val_loss": 4.758595833618683,
        "annual_return_2021_2022": 0.752255351416832,
        "annual_volatility_2021_2022": 0.3325458362157841,
        "sharpe_ratio_2021_2022": 1.8539146993663869,
        "downside_risk_2021_2022": 0.2129835811330449,
        "sortino_ratio_2021_2022": 2.8946438532668464,
        "max_drawdown_2021_2022": 0.13061287737169106,
        "calmar_ratio_2021_2022": 5.759427144967525,
        "perc_pos_return_2021_2022": 0.5396825396825397,
        "profit_loss_ratio_2021_2022": 1.1678449686794141,
        "sharpe_ratio_2021": 1.8539146993663869,
        "annual_return_2021_2022_0_5_bps": 0.7408432481620226,
        "annual_volatility_2021_2022_0_5_bps": 0.332565598425581,
        "sharpe_ratio_2021_2022_0_5_bps": 1.834136645050415,
        "downside_risk_2021_2022_0_5_bps": 0.2131915584198235,
        "sortino_ratio_2021_2022_0_5_bps": 2.861139322197294,
        "max_drawdown_2021_2022_0_5_bps": 0.13084046131894012,
        "calmar_ratio_2021_2022_0_5_bps": 5.662187680278227,
        "perc_pos_return_2021_2022_0_5_bps": 0.5357142857142857,
        "profit_loss_ratio_2021_2022_0_5_bps": 1.1826713715540829,
        "sharpe_ratio_2021_0_5_bps": 1.834136645050415,
        "annual_return_2021_2022_1_0_bps": 0.7295051391160898,
        "annual_volatility_2021_2022_1_0_bps": 0.3325854241765214,
        "sharpe_ratio_2021_2022_1_0_bps": 1.8143605945194832,
        "downside_risk_2021_2022_1_0_bps": 0.21339974599772707,
        "sortino_ratio_2021_2022_1_0_bps": 2.8276973110542274,
        "max_drawdown_2021_2022_1_0_bps": 0.13106799187051849,
        "calmar_ratio_2021_2022_1_0_bps": 5.5658527204473,
        "perc_pos_return_2021_2022_1_0_bps": 0.5357142857142857,
        "profit_loss_ratio_2021_2022_1_0_bps": 1.1787163853739149,
        "sharpe_ratio_2021_1_0_bps": 1.8143605945194832,
        "annual_return_2021_2022_1_5_bps": 0.7182405466547539,
        "annual_volatility_2021_2022_1_5_bps": 0.332605313457243,
        "sharpe_ratio_2021_2022_1_5_bps": 1.7945865588106686,
        "downside_risk_2021_2022_1_5_bps": 0.21360814377508855,
        "sortino_ratio_2021_2022_1_5_bps": 2.794317737004688,
        "max_drawdown_2021_2022_1_5_bps": 0.13129546903753583,
        "calmar_ratio_2021_2022_1_5_bps": 5.470413807268683,
        "perc_pos_return_2021_2022_1_5_bps": 0.5357142857142857,
        "profit_loss_ratio_2021_2022_1_5_bps": 1.1747757044089997,
        "sharpe_ratio_2021_1_5_bps": 1.7945865588106686,
        "annual_return_2021_2022_2_0_bps": 0.7070489962229549,
        "annual_volatility_2021_2022_2_0_bps": 0.33262526625634947,
        "sharpe_ratio_2021_2022_2_0_bps": 1.7748145489535787,
        "downside_risk_2021_2022_2_0_bps": 0.21381675222171925,
        "sortino_ratio_2021_2022_2_0_bps": 2.761000509862576,
        "max_drawdown_2021_2022_2_0_bps": 0.13152289283109914,
        "calmar_ratio_2021_2022_2_0_bps": 5.375862566609927,
        "perc_pos_return_2021_2022_2_0_bps": 0.5317460317460317,
        "profit_loss_ratio_2021_2022_2_0_bps": 1.189664914774214,
        "sharpe_ratio_2021_2_0_bps": 1.7748145489535787,
        "annual_return_2021_2022_2_5_bps": 0.6959300163151694,
        "annual_volatility_2021_2022_2_5_bps": 0.3326452825624107,
        "sharpe_ratio_2021_2022_2_5_bps": 1.755044575970329,
        "downside_risk_2021_2022_2_5_bps": 0.21402557296654923,
        "sortino_ratio_2021_2022_2_5_bps": 2.7277455249449165,
        "max_drawdown_2021_2022_2_5_bps": 0.1317502632623153,
        "calmar_ratio_2021_2022_2_5_bps": 5.282190707502193,
        "perc_pos_return_2021_2022_2_5_bps": 0.5317460317460317,
        "profit_loss_ratio_2021_2022_2_5_bps": 1.1856849039428798,
        "sharpe_ratio_2021_2_5_bps": 1.755044575970329,
        "annual_return_2021_2022_3_0_bps": 0.6848831384559384,
        "annual_volatility_2021_2022_3_0_bps": 0.33266536236396343,
        "sharpe_ratio_2021_2022_3_0_bps": 1.7352766508755082,
        "downside_risk_2021_2022_3_0_bps": 0.21423460545759224,
        "sortino_ratio_2021_2022_3_0_bps": 2.69455270604961,
        "max_drawdown_2021_2022_3_0_bps": 0.13197758034228693,
        "calmar_ratio_2021_2022_3_0_bps": 5.189390021242078,
        "perc_pos_return_2021_2022_3_0_bps": 0.5317460317460317,
        "profit_loss_ratio_2021_2022_3_0_bps": 1.1817193376625805,
        "sharpe_ratio_2021_3_0_bps": 1.7352766508755082
    },
    "STOCK": {
        "annual_return_2021_2022": 0.752255351416832,
        "annual_volatility_2021_2022": 0.3325458362157841,
        "sharpe_ratio_2021_2022": 1.8539146993663869,
        "downside_risk_2021_2022": 0.2129835811330449,
        "sortino_ratio_2021_2022": 2.8946438532668464,
        "max_drawdown_2021_2022": 0.13061287737169106,
        "calmar_ratio_2021_2022": 5.759427144967525,
        "perc_pos_return_2021_2022": 0.5396825396825397,
        "profit_loss_ratio_2021_2022": 1.1678449686794141,
        "sharpe_ratio_2021": 1.8539146993663869,
        "annual_return_2021_2022_0_5_bps": 0.7408432481620226,
        "annual_volatility_2021_2022_0_5_bps": 0.332565598425581,
        "sharpe_ratio_2021_2022_0_5_bps": 1.834136645050415,
        "downside_risk_2021_2022_0_5_bps": 0.2131915584198235,
        "sortino_ratio_2021_2022_0_5_bps": 2.861139322197294,
        "max_drawdown_2021_2022_0_5_bps": 0.13084046131894012,
        "calmar_ratio_2021_2022_0_5_bps": 5.662187680278227,
        "perc_pos_return_2021_2022_0_5_bps": 0.5357142857142857,
        "profit_loss_ratio_2021_2022_0_5_bps": 1.1826713715540829,
        "sharpe_ratio_2021_0_5_bps": 1.834136645050415,
        "annual_return_2021_2022_1_0_bps": 0.7295051391160898,
        "annual_volatility_2021_2022_1_0_bps": 0.3325854241765214,
        "sharpe_ratio_2021_2022_1_0_bps": 1.8143605945194832,
        "downside_risk_2021_2022_1_0_bps": 0.21339974599772707,
        "sortino_ratio_2021_2022_1_0_bps": 2.8276973110542274,
        "max_drawdown_2021_2022_1_0_bps": 0.13106799187051849,
        "calmar_ratio_2021_2022_1_0_bps": 5.5658527204473,
        "perc_pos_return_2021_2022_1_0_bps": 0.5357142857142857,
        "profit_loss_ratio_2021_2022_1_0_bps": 1.1787163853739149,
        "sharpe_ratio_2021_1_0_bps": 1.8143605945194832,
        "annual_return_2021_2022_1_5_bps": 0.7182405466547539,
        "annual_volatility_2021_2022_1_5_bps": 0.332605313457243,
        "sharpe_ratio_2021_2022_1_5_bps": 1.7945865588106686,
        "downside_risk_2021_2022_1_5_bps": 0.21360814377508855,
        "sortino_ratio_2021_2022_1_5_bps": 2.794317737004688,
        "max_drawdown_2021_2022_1_5_bps": 0.13129546903753583,
        "calmar_ratio_2021_2022_1_5_bps": 5.470413807268683,
        "perc_pos_return_2021_2022_1_5_bps": 0.5357142857142857,
        "profit_loss_ratio_2021_2022_1_5_bps": 1.1747757044089997,
        "sharpe_ratio_2021_1_5_bps": 1.7945865588106686,
        "annual_return_2021_2022_2_0_bps": 0.7070489962229549,
        "annual_volatility_2021_2022_2_0_bps": 0.33262526625634947,
        "sharpe_ratio_2021_2022_2_0_bps": 1.7748145489535787,
        "downside_risk_2021_2022_2_0_bps": 0.21381675222171925,
        "sortino_ratio_2021_2022_2_0_bps": 2.761000509862576,
        "max_drawdown_2021_2022_2_0_bps": 0.13152289283109914,
        "calmar_ratio_2021_2022_2_0_bps": 5.375862566609927,
        "perc_pos_return_2021_2022_2_0_bps": 0.5317460317460317,
        "profit_loss_ratio_2021_2022_2_0_bps": 1.189664914774214,
        "sharpe_ratio_2021_2_0_bps": 1.7748145489535787,
        "annual_return_2021_2022_2_5_bps": 0.6959300163151694,
        "annual_volatility_2021_2022_2_5_bps": 0.3326452825624107,
        "sharpe_ratio_2021_2022_2_5_bps": 1.755044575970329,
        "downside_risk_2021_2022_2_5_bps": 0.21402557296654923,
        "sortino_ratio_2021_2022_2_5_bps": 2.7277455249449165,
        "max_drawdown_2021_2022_2_5_bps": 0.1317502632623153,