{
    "ALL": {
        "performance_sw": 98.29221022293946,
        "performance_fw": 88.5053608509202,
        "val_loss": 72.36563790114414,
        "annual_return_2021_2022": 1510.9354820328938,
        "annual_volatility_2021_2022": 0.03197938371654956,
        "sharpe_ratio_2021_2022": 232.3067069961846,
        "downside_risk_2021_2022": 0.0,
        "sortino_ratio_2021_2022": Infinity,
        "max_drawdown_2021_2022": -0.0,
        "calmar_ratio_2021_2022": NaN,
        "perc_pos_return_2021_2022": 1.0,
        "profit_loss_ratio_2021_2022": NaN,
        "sharpe_ratio_2021": 232.30670699618454,
        "annual_return_2021_2022_0_5_bps": 1510.2863488616383,
        "annual_volatility_2021_2022_0_5_bps": 0.03197722266584436,
        "sharpe_ratio_2021_2022_0_5_bps": 232.3085792984578,
        "downside_risk_2021_2022_0_5_bps": 0.0,
        "sortino_ratio_2021_2022_0_5_bps": Infinity,
        "max_drawdown_2021_2022_0_5_bps": -0.0,
        "calmar_ratio_2021_2022_0_5_bps": NaN,
        "perc_pos_return_2021_2022_0_5_bps": 1.0,
        "profit_loss_ratio_2021_2022_0_5_bps": NaN,
        "sharpe_ratio_2021_0_5_bps": 232.30857929845774,
        "annual_return_2021_2022_1_0_bps": 1509.637493011389,
        "annual_volatility_2021_2022_1_0_bps": 0.03197506746753862,
        "sharpe_ratio_2021_2022_1_0_bps": 232.31040933400914,
        "downside_risk_2021_2022_1_0_bps": 0.0,
        "sortino_ratio_2021_2022_1_0_bps": Infinity,
        "max_drawdown_2021_2022_1_0_bps": -0.0,
        "calmar_ratio_2021_2022_1_0_bps": NaN,
        "perc_pos_return_2021_2022_1_0_bps": 1.0,
        "profit_loss_ratio_2021_2022_1_0_bps": NaN,
        "sharpe_ratio_2021_1_0_bps": 232.3104093340091,
        "annual_return_2021_2022_1_5_bps": 1508.98891436426,
        "annual_volatility_2021_2022_1_5_bps": 0.03197291812281583,
        "sharpe_ratio_2021_2022_1_5_bps": 232.31219708468743,
        "downside_risk_2021_2022_1_5_bps": 0.0,
        "sortino_ratio_2021_2022_1_5_bps": Infinity,
        "max_drawdown_2021_2022_1_5_bps": -0.0,
        "calmar_ratio_2021_2022_1_5_bps": NaN,
        "perc_pos_return_2021_2022_1_5_bps": 1.0,
        "profit_loss_ratio_2021_2022_1_5_bps": NaN,
        "sharpe_ratio_2021_1_5_bps": 232.31219708468745,
        "annual_return_2021_2022_2_0_bps": 1508.3406128024085,
        "annual_volatility_2021_2022_2_0_bps": 0.03197077463285656,
        "sharpe_ratio_2021_2022_2_0_bps": 232.31394253240393,
        "downside_risk_2021_2022_2_0_bps": 0.0,
        "sortino_ratio_2021_2022_2_0_bps": Infinity,
        "max_drawdown_2021_2022_2_0_bps": -0.0,
        "calmar_ratio_2021_2022_2_0_bps": NaN,
        "perc_pos_return_2021_2022_2_0_bps": 1.0,
        "profit_loss_ratio_2021_2022_2_0_bps": NaN,
        "sharpe_ratio_2021_2_0_bps": 232.31394253240396,
        "annual_return_2021_2022_2_5_bps": 1507.6925882080443,
        "annual_volatility_2021_2022_2_5_bps": 0.03196863699883848,
        "sharpe_ratio_2021_2022_2_5_bps": 232.3156456591323,
        "downside_risk_2021_2022_2_5_bps": 0.0,
        "sortino_ratio_2021_2022_2_5_bps": Infinity,
        "max_drawdown_2021_2022_2_5_bps": -0.0,
        "calmar_ratio_2021_2022_2_5_bps": NaN,
        "perc_pos_return_2021_2022_2_5_bps": 1.0,
        "profit_loss_ratio_2021_2022_2_5_bps": NaN,
        "sharpe_ratio_2021_2_5_bps": 232.31564565913231,
        "annual_return_2021_2022_3_0_bps": 1507.0448404634324,
        "annual_volatility_2021_2022_3_0_bps": 0.03196650522193639,
        "sharpe_ratio_2021_2022_3_0_bps": 232.31730644690847,
        "downside_risk_2021_2022_3_0_bps": 0.0,
        "sortino_ratio_2021_2022_3_0_bps": Infinity,
        "max_drawdown_2021_2022_3_0_bps": -0.0,
        "calmar_ratio_2021_2022_3_0_bps": NaN,
        "perc_pos_return_2021_2022_3_0_bps": 1.0,
        "profit_loss_ratio_2021_2022_3_0_bps": NaN,
        "sharpe_ratio_2021_3_0_bps": 232.31730644690845
    },
    "STOCK": {
        "annual_return_2021_2022": 1510.9354820328938,
        "annual_volatility_2021_2022": 0.03197938371654956,
        "sharpe_ratio_2021_2022": 232.3067069961846,
        "downside_risk_2021_2022": 0.0,
        "sortino_ratio_2021_2022": Infinity,
        "max_drawdown_2021_2022": -0.0,
        "calmar_ratio_2021_2022": NaN,
        "perc_pos_return_2021_2022": 1.0,
        "profit_loss_ratio_2021_2022": NaN,
        "sharpe_ratio_2021": 232.30670699618454,
        "annual_return_2021_2022_0_5_bps": 1510.2863488616383,
        "annual_volatility_2021_2022_0_5_bps": 0.03197722266584436,
        "sharpe_ratio_2021_2022_0_5_bps": 232.3085792984578,
        "downside_risk_2021_2022_0_5_bps": 0.0,
        "sortino_ratio_2021_2022_0_5_bps": Infinity,
        "max_drawdown_2021_2022_0_5_bps": -0.0,
        "calmar_ratio_2021_2022_0_5_bps": NaN,
        "perc_pos_return_2021_2022_0_5_bps": 1.0,
        "profit_loss_ratio_2021_2022_0_5_bps": NaN,
        "sharpe_ratio_2021_0_5_bps": 232.30857929845774,
        "annual_return_2021_2022_1_0_bps": 1509.637493011389,
        "annual_volatility_2021_2022_1_0_bps": 0.03197506746753862,
        "sharpe_ratio_2021_2022_1_0_bps": 232.31040933400914,
        "downside_risk_2021_2022_1_0_bps": 0.0,
        "sortino_ratio_2021_2022_1_0_bps": Infinity,
        "max_drawdown_2021_2022_1_0_bps": -0.0,
        "calmar_ratio_2021_2022_1_0_bps": NaN,
        "perc_pos_return_2021_2022_1_0_bps": 1.0,
        "profit_loss_ratio_2021_2022_1_0_bps": NaN,
        "sharpe_ratio_2021_1_0_bps": 232.3104093340091,
        "annual_return_2021_2022_1_5_bps": 1508.98891436426,
        "annual_volatility_2021_2022_1_5_bps": 0.03197291812281583,
        "sharpe_ratio_2021_2022_1_5_bps": 232.31219708468743,
        "downside_risk_2021_2022_1_5_bps": 0.0,
        "sortino_ratio_2021_2022_1_5_bps": Infinity,
        "max_drawdown_2021_2022_1_5_bps": -0.0,
        "calmar_ratio_2021_2022_1_5_bps": NaN,
        "perc_pos_return_2021_2022_1_5_bps": 1.0,
        "profit_loss_ratio_2021_2022_1_5_bps": NaN,
        "sharpe_ratio_2021_1_5_bps": 232.31219708468745,
        "annual_return_2021_2022_2_0_bps": 1508.3406128024085,
        "annual_volatility_2021_2022_2_0_bps": 0.03197077463285656,
        "sharpe_ratio_2021_2022_2_0_bps": 232.31394253240393,
        "downside_risk_2021_2022_2_0_bps": 0.0,
        "sortino_ratio_2021_2022_2_0_bps": Infinity,
        "max_drawdown_2021_2022_2_0_bps": -0.0,
        "calmar_ratio_2021_2022_2_0_bps": NaN,
        "perc_pos_return_2021_2022_2_0_bps": 1.0,
        "profit_loss_ratio_2021_2022_2_0_bps": NaN,
        "sharpe_ratio_2021_2_0_bps": 232.31394253240396,
        "annual_return_2021_2022_2_5_bps": 1507.6925882080443,
        "annual_volatility_2021_2022_2_5_bps": 0.03196863699883848,
        "sharpe_ratio_2021_2022_2_5_bps": 232.3156456591323,
        "downside_risk_2021_2022_2_5_bps": 0.0,
        "sortino_ratio_2021_2022_2_5_bps": Infinity,
        "max_drawdown_2021_2022_2_5_bps": -0.0,
        "calmar_ratio_2021_2022_2_5_bps": NaN,
        "perc_pos_return_2021_2022_2_5_bps": 1.0,
        "profit_loss_ratio_2021_2022_2_5_bps": NaN,
        "sharpe_ratio_2021_2_5_bps": 232.31564565913231,
        "annual_return_2021_2022_3_0_bps": 1507.0448404634324,
        "annual_volatility_2021_2022_3_0_bps": 0.03196650522193639,
        "sharpe_ratio_2021_2022_3_0_bps": 232.31730644690847,
        "downside_risk_2021_2022_3_0_bps": 0.0,
        "sortino_ratio_2021_2022_3_0_bps": Infinity,
        "max_drawdown_2021_2022_3_0_bps": -0.0,
        "calmar_ratio_2021_2022_3_0_bps": NaN,
        "perc_pos_return_2021_2022_3_0_bps": 1.0,
        "profit_loss_ratio_2021_2022_3_0_bps": NaN,
        "sharpe_ratio_2021_3_0_bps": 232.31730644690845
    }
}