{
    "ALL": {
        "annual_return": -0.015633515628572,
        "annual_volatility": 0.1795159916181575,
        "sharpe_ratio": 0.16176788587194046,
        "downside_risk": 0.1312819011934415,
        "sortino_ratio": 0.25418632614140624,
        "max_drawdown": 0.198539506415488,
        "calmar_ratio": 0.1651032261025477,
        "perc_pos_return": 0.5173323494049228,
        "profit_loss_ratio": 0.966526512160475,
        "annual_return_0_5_bps": -0.016061065849572752,
        "annual_volatility_0_5_bps": 0.17951637534904324,
        "sharpe_ratio_0_5_bps": 0.15833745959143197,
        "downside_risk_0_5_bps": 0.13129566979254803,
        "sortino_ratio_0_5_bps": 0.24913541478513757,
        "max_drawdown_0_5_bps": 0.19862418981589952,
        "calmar_ratio_0_5_bps": 0.16095150034140027,
        "perc_pos_return_0_5_bps": 0.5173323494049228,
        "profit_loss_ratio_0_5_bps": 0.9658913634241032,
        "annual_return_1_0_bps": -0.016488412348600753,
        "annual_volatility_1_0_bps": 0.17951675978123227,
        "sharpe_ratio_1_0_bps": 0.15490707277964624,
        "downside_risk_1_0_bps": 0.13130944109515252,
        "sortino_ratio_1_0_bps": 0.24408691579905395,
        "max_drawdown_1_0_bps": 0.1987088630136905,
        "calmar_ratio_1_0_bps": 0.15681311722284247,
        "perc_pos_return_1_0_bps": 0.5173323494049228,
        "profit_loss_ratio_1_0_bps": 0.9652567580083591,
        "annual_return_1_5_bps": -0.016915555228162002,
        "annual_volatility_1_5_bps": 0.17951714491471152,
        "sharpe_ratio_1_5_bps": 0.15147672554644626,
        "downside_risk_1_5_bps": 0.1313232150995375,
        "sortino_ratio_1_5_bps": 0.23904082795349096,
        "max_drawdown_1_5_bps": 0.1987935260101985,
        "calmar_ratio_1_5_bps": 0.1526880075140833,
        "perc_pos_return_1_5_bps": 0.5173323494049228,
        "profit_loss_ratio_1_5_bps": 0.9646226951044057,
        "annual_return_2_0_bps": -0.017342494590706255,
        "annual_volatility_2_0_bps": 0.17951753074946927,
        "sharpe_ratio_2_0_bps": 0.14804641800167528,
        "downside_risk_2_0_bps": 0.13133699180398775,
        "sortino_ratio_2_0_bps": 0.23399715001824004,
        "max_drawdown_2_0_bps": 0.198878178806757,
        "calmar_ratio_2_0_bps": 0.14857610249606173,
        "perc_pos_return_2_0_bps": 0.5173323494049228,
        "profit_loss_ratio_2_0_bps": 0.963989173905156,
        "annual_return_2_5_bps": -0.01776923053863125,
        "annual_volatility_2_5_bps": 0.17951791728549302,
        "sharpe_ratio_2_5_bps": 0.14461615025516406,
        "downside_risk_2_5_bps": 0.131350771212764,
        "sortino_ratio_2_5_bps": 0.22895588055420024,
        "max_drawdown_2_5_bps": 0.198962821404703,
        "calmar_ratio_2_5_bps": 0.1444773339584075,
        "perc_pos_return_2_5_bps": 0.5163402859128593,
        "profit_loss_ratio_2_5_bps": 0.9677290120173492,
        "annual_return_3_0_bps": -0.018195763174281503,
        "annual_volatility_3_0_bps": 0.17951830452277076,
        "sharpe_ratio_3_0_bps": 0.141185922416723,
        "downside_risk_3_0_bps": 0.13136455335914526,
        "sortino_ratio_3_0_bps": 0.22391701718860946,
        "max_drawdown_3_0_bps": 0.199047453805371,
        "calmar_ratio_3_0_bps": 0.1403916341946473,
        "perc_pos_return_3_0_bps": 0.5153362698486023,
        "profit_loss_ratio_3_0_bps": 0.970707415062135,
        "annual_return_rescaled": -0.010480003223020007,
        "annual_volatility_rescaled": 0.1500000000000003,
        "downside_risk_rescaled": 0.10969655127384469,
        "max_drawdown_rescaled": 0.16851456443743346,
        "annual_return_rescaled_0_5_bps": -0.010839113799312378,
        "annual_volatility_rescaled_0_5_bps": 0.15000000000000038,
        "downside_risk_rescaled_0_5_bps": 0.1097078215320998,
        "max_drawdown_rescaled_0_5_bps": 0.16858726923062625,
        "annual_return_rescaled_1_0_bps": -0.011198079688272189,
        "annual_volatility_rescaled_1_0_bps": 0.15000000000000013,
        "downside_risk_rescaled_1_0_bps": 0.10971909357252183,
        "max_drawdown_rescaled_1_0_bps": 0.16865996580744536,
        "annual_return_rescaled_1_5_bps": -0.011556900947835042,
        "annual_volatility_rescaled_1_5_bps": 0.15000000000000022,
        "downside_risk_rescaled_1_5_bps": 0.10973036739354029,
        "max_drawdown_rescaled_1_5_bps": 0.16873265416808428,
        "annual_return_rescaled_2_0_bps": -0.011915577635918134,
        "annual_volatility_rescaled_2_0_bps": 0.1500000000000002,
        "downside_risk_rescaled_2_0_bps": 0.10974164299358519,
        "max_drawdown_rescaled_2_0_bps": 0.16880533431273476,
        "annual_return_rescaled_2_5_bps": -0.012274109810417072,
        "annual_volatility_rescaled_2_5_bps": 0.15000000000000024,
        "downside_risk_rescaled_2_5_bps": 0.10975292037608109,
        "max_drawdown_rescaled_2_5_bps": 0.16887800624159088,
        "annual_return_rescaled_3_0_bps": -0.01263249752920459,
        "annual_volatility_rescaled_3_0_bps": 0.15000000000000027,
        "downside_risk_rescaled_3_0_bps": 0.10976419956869887,
        "max_drawdown_rescaled_3_0_bps": 0.16895066995484564,
        "sharpe_ratio_years": 0.16176788587194046,
        "sharpe_ratio_years_0_5_bps": 0.15833745959143197,
        "sharpe_ratio_years_1_0_bps": 0.15490707277964624,
        "sharpe_ratio_years_1_5_bps": 0.15147672554644626,
        "sharpe_ratio_years_2_0_bps": 0.14804641800167528,
        "sharpe_ratio_years_2_5_bps": 0.14461615025516406,
        "sharpe_ratio_years_3_0_bps": 0.141185922416723,
        "sharpe_ratio_years_std": 0.5071762123315715,
        "sharpe_ratio_years_std_0_5_bps": 0.505760341939487,
        "sharpe_ratio_years_std_1_0_bps": 0.5043487367244572,
        "sharpe_ratio_years_std_1_5_bps": 0.5029414318791305,
        "sharpe_ratio_years_std_2_0_bps": 0.5015384628790388,
        "sharpe_ratio_years_std_2_5_bps": 0.5001398654835176,
        "sharpe_ratio_years_std_3_0_bps": 0.4987456757365765
    },
    "STOCK": {
        "annual_return": -0.015633515628572,
        "annual_volatility": 0.1795159916181575,
        "sharpe_ratio": 0.16176788587194046,
        "downside_risk": 0.1312819011934415,
        "sortino_ratio": 0.25418632614140624,
        "max_drawdown": 0.198539506415488,
        "calmar_ratio": 0.1651032261025477,
        "perc_pos_return": 0.5173323494049228,
        "profit_loss_ratio": 0.966526512160475,
        "annual_return_0_5_bps": -0.016061065849572752,
        "annual_volatility_0_5_bps": 0.17951637534904324,
        "sharpe_ratio_0_5_bps": 0.15833745959143197,
        "downside_risk_0_5_bps": 0.13129566979254803,
        "sortino_ratio_0_5_bps": 0.24913541478513757,
        "max_drawdown_0_5_bps": 0.19862418981589952,
        "calmar_ratio_0_5_bps": 0.16095150034140027,
        "perc_pos_return_0_5_bps": 0.5173323494049228,
        "profit_loss_ratio_0_5_bps": 0.9658913634241032,
        "annual_return_1_0_bps": -0.016488412348600753,
        "annual_volatility_1_0_bps": 0.17951675978123227,
        "sharpe_ratio_1_0_bps": 0.15490707277964624,
        "downside_risk_1_0_bps": 0.13130944109515252,
        "sortino_ratio_1_0_bps": 0.24408691579905395,
        "max_drawdown_1_0_bps": 0.1987088630136905,
        "calmar_ratio_1_0_bps": 0.15681311722284247,
        "perc_pos_return_1_0_bps": 0.5173323494049228,
        "profit_loss_ratio_1_0_bps": 0.9652567580083591,
        "annual_return_1_5_bps": -0.016915555228162002,
        "annual_volatility_1_5_bps": 0.17951714491471152,
        "sharpe_ratio_1_5_bps": 0.15147672554644626,
        "downside_risk_1_5_bps": 0.1313232150995375,
        "sortino_ratio_1_5_bps": 0.23904082795349096,
        "max_drawdown_1_5_bps": 0.1987935260101985,
        "calmar_ratio_1_5_bps": 0.1526880075140833,
        "perc_pos_return_1_5_bps": 0.5173323494049228,
        "profit_loss_ratio_1_5_bps": 0.9646226951044057,
        "annual_return_2_0_bps": -0.017342494590706255,
        "annual_volatility_2_0_bps": 0.17951753074946927,