{
    "ALL": {
        "annual_return": 3.73868510135013,
        "annual_volatility": 0.36533726064895833,
        "sharpe_ratio": 4.061188295475925,
        "downside_risk": 0.22855466855762677,
        "sortino_ratio": 6.863687330904931,
        "max_drawdown": 0.23424372354822554,
        "calmar_ratio": 21.1346948181787,
        "perc_pos_return": 0.6467674068141755,
        "profit_loss_ratio": 1.1258587068450645,
        "annual_return_0_5_bps": 3.73708037048934,
        "annual_volatility_0_5_bps": 0.36533797339844754,
        "sharpe_ratio_0_5_bps": 4.060173850967535,
        "downside_risk_0_5_bps": 0.22856398103410952,
        "sortino_ratio_0_5_bps": 6.86162337825068,
        "max_drawdown_0_5_bps": 0.23425496938039503,
        "calmar_ratio_0_5_bps": 21.124463174107916,
        "perc_pos_return_0_5_bps": 0.6467674068141755,
        "profit_loss_ratio_0_5_bps": 1.1256547692305765,
        "annual_return_1_0_bps": 3.735476266263751,
        "annual_volatility_1_0_bps": 0.3653386864630548,
        "sharpe_ratio_1_0_bps": 4.059159407336387,
        "downside_risk_1_0_bps": 0.2285732942466605,
        "sortino_ratio_1_0_bps": 6.859559659936236,
        "max_drawdown_1_0_bps": 0.2342662149788878,
        "calmar_ratio_1_0_bps": 21.114236406499362,
        "perc_pos_return_1_0_bps": 0.6467674068141755,
        "profit_loss_ratio_1_0_bps": 1.1254508800263434,
        "annual_return_1_5_bps": 3.733872788389863,
        "annual_volatility_1_5_bps": 0.3653393998427785,
        "sharpe_ratio_1_5_bps": 4.05814496458629,
        "downside_risk_1_5_bps": 0.22858260819511478,
        "sortino_ratio_1_5_bps": 6.857496175950897,
        "max_drawdown_1_5_bps": 0.23427746034371077,
        "calmar_ratio_1_5_bps": 21.10401451266547,
        "perc_pos_return_1_5_bps": 0.6467674068141755,
        "profit_loss_ratio_1_5_bps": 1.1252470392121894,
        "annual_return_2_0_bps": 3.732269936584321,
        "annual_volatility_2_0_bps": 0.36534011353761603,
        "sharpe_ratio_2_0_bps": 4.057130522721068,
        "downside_risk_2_0_bps": 0.22859192287930802,
        "sortino_ratio_2_0_bps": 6.8554329262839335,
        "max_drawdown_2_0_bps": 0.23428870547486927,
        "calmar_ratio_2_0_bps": 21.093797489920416,
        "perc_pos_return_2_0_bps": 0.6467674068141755,
        "profit_loss_ratio_2_0_bps": 1.1250432467679519,
        "annual_return_2_5_bps": 3.7306677105638903,
        "annual_volatility_2_5_bps": 0.3653408275475648,
        "sharpe_ratio_2_5_bps": 4.0561160817445385,
        "downside_risk_2_5_bps": 0.22860123829907425,
        "sortino_ratio_2_5_bps": 6.853369910924608,
        "max_drawdown_2_5_bps": 0.2342999503723705,
        "calmar_ratio_2_5_bps": 21.083585335579876,
        "perc_pos_return_2_5_bps": 0.6467674068141755,
        "profit_loss_ratio_2_5_bps": 1.12483950267348,
        "annual_return_3_0_bps": 3.7290661100455185,
        "annual_volatility_3_0_bps": 0.3653415418726225,
        "sharpe_ratio_3_0_bps": 4.055101641660516,
        "downside_risk_3_0_bps": 0.22861055445424927,
        "sortino_ratio_3_0_bps": 6.851307129862145,
        "max_drawdown_3_0_bps": 0.23431119503622053,
        "calmar_ratio_3_0_bps": 21.073378046961416,
        "perc_pos_return_3_0_bps": 0.6467674068141755,
        "profit_loss_ratio_3_0_bps": 1.1246358069086346,
        "annual_return_rescaled": 0.8317052419855431,
        "annual_volatility_rescaled": 0.15000000000000016,
        "downside_risk_rescaled": 0.09383986791477525,
        "max_drawdown_rescaled": 0.10351401407829489,
        "annual_return_rescaled_0_5_bps": 0.8314425346434227,
        "annual_volatility_rescaled_0_5_bps": 0.15000000000000005,
        "downside_risk_rescaled_0_5_bps": 0.09384350834432628,
        "max_drawdown_rescaled_0_5_bps": 0.10351960077450223,
        "annual_return_rescaled_1_0_bps": 0.8311798715572316,
        "annual_volatility_rescaled_1_0_bps": 0.15000000000000013,
        "downside_risk_rescaled_1_0_bps": 0.09384714898093965,
        "max_drawdown_rescaled_1_0_bps": 0.10352518731438973,
        "annual_return_rescaled_1_5_bps": 0.8309172527189146,
        "annual_volatility_rescaled_1_5_bps": 0.15000000000000008,
        "downside_risk_rescaled_1_5_bps": 0.09385078982453751,
        "max_drawdown_rescaled_1_5_bps": 0.10353077369794725,
        "annual_return_rescaled_2_0_bps": 0.8306546781204422,
        "annual_volatility_rescaled_2_0_bps": 0.15000000000000005,
        "downside_risk_rescaled_2_0_bps": 0.09385443087504208,
        "max_drawdown_rescaled_2_0_bps": 0.10353635992516477,
        "annual_return_rescaled_2_5_bps": 0.8303921477537695,
        "annual_volatility_rescaled_2_5_bps": 0.14999999999999997,
        "downside_risk_rescaled_2_5_bps": 0.09385807213237572,
        "max_drawdown_rescaled_2_5_bps": 0.10354194599603292,
        "annual_return_rescaled_3_0_bps": 0.83012966161085,
        "annual_volatility_rescaled_3_0_bps": 0.15000000000000005,
        "downside_risk_rescaled_3_0_bps": 0.0938617135964607,
        "max_drawdown_rescaled_3_0_bps": 0.10354753191054208,
        "sharpe_ratio_years": 4.061188295475926,
        "sharpe_ratio_years_0_5_bps": 4.060173850967537,
        "sharpe_ratio_years_1_0_bps": 4.059159407336385,
        "sharpe_ratio_years_1_5_bps": 4.05814496458629,
        "sharpe_ratio_years_2_0_bps": 4.057130522721067,
        "sharpe_ratio_years_2_5_bps": 4.056116081744538,
        "sharpe_ratio_years_3_0_bps": 4.0551016416605155,
        "sharpe_ratio_years_std": 1.457267344877658,
        "sharpe_ratio_years_std_0_5_bps": 1.4571884846157332,
        "sharpe_ratio_years_std_1_0_bps": 1.4571097735845715,
        "sharpe_ratio_years_std_1_5_bps": 1.4570312118080984,
        "sharpe_ratio_years_std_2_0_bps": 1.4569527993101883,
        "sharpe_ratio_years_std_2_5_bps": 1.4568745361146802,
        "sharpe_ratio_years_std_3_0_bps": 1.4567964222453502
    },
    "STOCK": {
        "annual_return": 3.73868510135013,
        "annual_volatility": 0.36533726064895833,
        "sharpe_ratio": 4.061188295475925,
        "downside_risk": 0.22855466855762677,
        "sortino_ratio": 6.863687330904931,
        "max_drawdown": 0.23424372354822554,
        "calmar_ratio": 21.1346948181787,
        "perc_pos_return": 0.6467674068141755,
        "profit_loss_ratio": 1.1258587068450645,
        "annual_return_0_5_bps": 3.73708037048934,
        "annual_volatility_0_5_bps": 0.36533797339844754,
        "sharpe_ratio_0_5_bps": 4.060173850967535,
        "downside_risk_0_5_bps": 0.22856398103410952,
        "sortino_ratio_0_5_bps": 6.86162337825068,
        "max_drawdown_0_5_bps": 0.23425496938039503,
        "calmar_ratio_0_5_bps": 21.124463174107916,
        "perc_pos_return_0_5_bps": 0.6467674068141755,
        "profit_loss_ratio_0_5_bps": 1.1256547692305765,
        "annual_return_1_0_bps": 3.735476266263751,
        "annual_volatility_1_0_bps": 0.3653386864630548,
        "sharpe_ratio_1_0_bps": 4.059159407336387,
        "downside_risk_1_0_bps": 0.2285732942466605,
        "sortino_ratio_1_0_bps": 6.859559659936236,
        "max_drawdown_1_0_bps": 0.2342662149788878,
        "calmar_ratio_1_0_bps": 21.114236406499362,
        "perc_pos_return_1_0_bps": 0.6467674068141755,
        "profit_loss_ratio_1_0_bps": 1.1254508800263434,
        "annual_return_1_5_bps": 3.733872788389863,
        "annual_volatility_1_5_bps": 0.3653393998427785,
        "sharpe_ratio_1_5_bps": 4.05814496458629,
        "downside_risk_1_5_bps": 0.22858260819511478,
        "sortino_ratio_1_5_bps": 6.857496175950897,
        "max_drawdown_1_5_bps": 0.23427746034371077,
        "calmar_ratio_1_5_bps": 21.10401451266547,
        "perc_pos_return_1_5_bps": 0.6467674068141755,
        "profit_loss_ratio_1_5_bps": 1.1252470392121894,
        "annual_return_2_0_bps": 3.732269936584321,
        "annual_volatility_2_0_bps": 0.36534011353761603,
        "sharpe_ratio_2_0_bps": 4.057130522721068,
        "downside_risk_2_0_bps": 0.22859192287930802,