{
    "ALL": {
        "performance_sw": 2.5265945121165547,
        "performance_fw": 2.2989254365270644,
        "val_loss": 2.874664918303011,
        "annual_return_2021_2022": 1.6172921168216021,
        "annual_volatility_2021_2022": 0.21453138229726093,
        "sharpe_ratio_2021_2022": 4.600264610006304,
        "downside_risk_2021_2022": 0.128724170710914,
        "sortino_ratio_2021_2022": 7.666789541291232,
        "max_drawdown_2021_2022": 0.11637854283156633,
        "calmar_ratio_2021_2022": 13.896823911623427,
        "perc_pos_return_2021_2022": 0.6468253968253969,
        "profit_loss_ratio_2021_2022": 1.1707677337125924,
        "sharpe_ratio_2021": 4.600264610006299,
        "annual_return_2021_2022_0_5_bps": 1.6167293613944147,
        "annual_volatility_2021_2022_0_5_bps": 0.2145317514917527,
        "sharpe_ratio_2021_2022_0_5_bps": 4.5992509747744545,
        "downside_risk_2021_2022_0_5_bps": 0.12873044034989417,
        "sortino_ratio_2021_2022_0_5_bps": 7.664740091672696,
        "max_drawdown_2021_2022_0_5_bps": 0.11638727061734717,
        "calmar_ratio_2021_2022_0_5_bps": 13.890946602827595,
        "perc_pos_return_2021_2022_0_5_bps": 0.6468253968253969,
        "profit_loss_ratio_2021_2022_0_5_bps": 1.1705738142254287,
        "sharpe_ratio_2021_0_5_bps": 4.599250974774458,
        "annual_return_2021_2022_1_0_bps": 1.6161667264259973,
        "annual_volatility_2021_2022_1_0_bps": 0.21453212079581643,
        "sharpe_ratio_2021_2022_1_0_bps": 4.598237340682855,
        "downside_risk_2021_2022_1_0_bps": 0.12873671030048267,
        "sortino_ratio_2021_2022_1_0_bps": 7.66269082312809,
        "max_drawdown_2021_2022_1_0_bps": 0.11639599832565523,
        "calmar_ratio_2021_2022_1_0_bps": 13.885071219581375,
        "perc_pos_return_2021_2022_1_0_bps": 0.6468253968253969,
        "profit_loss_ratio_2021_2022_1_0_bps": 1.170379930334906,
        "sharpe_ratio_2021_1_0_bps": 4.598237340682854,
        "annual_return_2021_2022_1_5_bps": 1.6156042118906728,
        "annual_volatility_2021_2022_1_5_bps": 0.2145324902094519,
        "sharpe_ratio_2021_2022_1_5_bps": 4.59722370773305,
        "downside_risk_2021_2022_1_5_bps": 0.12874298056263384,
        "sortino_ratio_2021_2022_1_5_bps": 7.660641735648533,
        "max_drawdown_2021_2022_1_5_bps": 0.11640472595649144,
        "calmar_ratio_2021_2022_1_5_bps": 13.87919776121922,
        "perc_pos_return_2021_2022_1_5_bps": 0.6468253968253969,
        "profit_loss_ratio_2021_2022_1_5_bps": 1.1701860820312242,
        "sharpe_ratio_2021_1_5_bps": 4.59722370773305,
        "annual_return_2021_2022_2_0_bps": 1.6150418177627865,
        "annual_volatility_2021_2022_2_0_bps": 0.21453285973265834,
        "sharpe_ratio_2021_2022_2_0_bps": 4.59621007592661,
        "downside_risk_2021_2022_2_0_bps": 0.12874925113630226,
        "sortino_ratio_2021_2022_2_0_bps": 7.658592829225165,
        "max_drawdown_2021_2022_2_0_bps": 0.11641345350985582,
        "calmar_ratio_2021_2022_2_0_bps": 13.873326227076095,
        "perc_pos_return_2021_2022_2_0_bps": 0.6468253968253969,
        "profit_loss_ratio_2021_2022_2_0_bps": 1.1699922693045857,
        "sharpe_ratio_2021_2_0_bps": 4.596210075926602,
        "annual_return_2021_2022_2_5_bps": 1.6144795440166693,
        "annual_volatility_2021_2022_2_5_bps": 0.21453322936543529,
        "sharpe_ratio_2021_2022_2_5_bps": 4.595196445265082,
        "downside_risk_2021_2022_2_5_bps": 0.1287555220214424,
        "sortino_ratio_2021_2022_2_5_bps": 7.656544103849093,
        "max_drawdown_2021_2022_2_5_bps": 0.1164221809857494,
        "calmar_ratio_2021_2022_2_5_bps": 13.86745661648693,
        "perc_pos_return_2021_2022_2_5_bps": 0.6468253968253969,
        "profit_loss_ratio_2021_2022_2_5_bps": 1.1697984921451974,
        "sharpe_ratio_2021_2_5_bps": 4.595196445265084,
        "annual_return_2021_2022_3_0_bps": 1.6139173906266873,
        "annual_volatility_2021_2022_3_0_bps": 0.21453359910778214,
        "sharpe_ratio_2021_2022_3_0_bps": 4.594182815750034,
        "downside_risk_2021_2022_3_0_bps": 0.1287617932180087,
        "sortino_ratio_2021_2022_3_0_bps": 7.654495559511451,
        "max_drawdown_2021_2022_3_0_bps": 0.11643090838417214,
        "calmar_ratio_2021_2022_3_0_bps": 13.861588928787286,
        "perc_pos_return_2021_2022_3_0_bps": 0.6468253968253969,
        "profit_loss_ratio_2021_2022_3_0_bps": 1.1696047505432698,
        "sharpe_ratio_2021_3_0_bps": 4.594182815750035
    },
    "STOCK": {
        "annual_return_2021_2022": 1.6172921168216021,
        "annual_volatility_2021_2022": 0.21453138229726093,
        "sharpe_ratio_2021_2022": 4.600264610006304,
        "downside_risk_2021_2022": 0.128724170710914,
        "sortino_ratio_2021_2022": 7.666789541291232,
        "max_drawdown_2021_2022": 0.11637854283156633,
        "calmar_ratio_2021_2022": 13.896823911623427,
        "perc_pos_return_2021_2022": 0.6468253968253969,
        "profit_loss_ratio_2021_2022": 1.1707677337125924,
        "sharpe_ratio_2021": 4.600264610006299,
        "annual_return_2021_2022_0_5_bps": 1.6167293613944147,
        "annual_volatility_2021_2022_0_5_bps": 0.2145317514917527,
        "sharpe_ratio_2021_2022_0_5_bps": 4.5992509747744545,
        "downside_risk_2021_2022_0_5_bps": 0.12873044034989417,
        "sortino_ratio_2021_2022_0_5_bps": 7.664740091672696,
        "max_drawdown_2021_2022_0_5_bps": 0.11638727061734717,
        "calmar_ratio_2021_2022_0_5_bps": 13.890946602827595,
        "perc_pos_return_2021_2022_0_5_bps": 0.6468253968253969,
        "profit_loss_ratio_2021_2022_0_5_bps": 1.1705738142254287,
        "sharpe_ratio_2021_0_5_bps": 4.599250974774458,
        "annual_return_2021_2022_1_0_bps": 1.6161667264259973,
        "annual_volatility_2021_2022_1_0_bps": 0.21453212079581643,
        "sharpe_ratio_2021_2022_1_0_bps": 4.598237340682855,
        "downside_risk_2021_2022_1_0_bps": 0.12873671030048267,
        "sortino_ratio_2021_2022_1_0_bps": 7.66269082312809,
        "max_drawdown_2021_2022_1_0_bps": 0.11639599832565523,
        "calmar_ratio_2021_2022_1_0_bps": 13.885071219581375,
        "perc_pos_return_2021_2022_1_0_bps": 0.6468253968253969,
        "profit_loss_ratio_2021_2022_1_0_bps": 1.170379930334906,
        "sharpe_ratio_2021_1_0_bps": 4.598237340682854,
        "annual_return_2021_2022_1_5_bps": 1.6156042118906728,
        "annual_volatility_2021_2022_1_5_bps": 0.2145324902094519,
        "sharpe_ratio_2021_2022_1_5_bps": 4.59722370773305,
        "downside_risk_2021_2022_1_5_bps": 0.12874298056263384,
        "sortino_ratio_2021_2022_1_5_bps": 7.660641735648533,
        "max_drawdown_2021_2022_1_5_bps": 0.11640472595649144,
        "calmar_ratio_2021_2022_1_5_bps": 13.87919776121922,
        "perc_pos_return_2021_2022_1_5_bps": 0.6468253968253969,
        "profit_loss_ratio_2021_2022_1_5_bps": 1.1701860820312242,
        "sharpe_ratio_2021_1_5_bps": 4.59722370773305,
        "annual_return_2021_2022_2_0_bps": 1.6150418177627865,
        "annual_volatility_2021_2022_2_0_bps": 0.21453285973265834,
        "sharpe_ratio_2021_2022_2_0_bps": 4.59621007592661,
        "downside_risk_2021_2022_2_0_bps": 0.12874925113630226,
        "sortino_ratio_2021_2022_2_0_bps": 7.658592829225165,
        "max_drawdown_2021_2022_2_0_bps": 0.11641345350985582,
        "calmar_ratio_2021_2022_2_0_bps": 13.873326227076095,
        "perc_pos_return_2021_2022_2_0_bps": 0.6468253968253969,
        "profit_loss_ratio_2021_2022_2_0_bps": 1.1699922693045857,
        "sharpe_ratio_2021_2_0_bps": 4.596210075926602,
        "annual_return_2021_2022_2_5_bps": 1.6144795440166693,
        "annual_volatility_2021_2022_2_5_bps": 0.21453322936543529,
        "sharpe_ratio_2021_2022_2_5_bps": 4.595196445265082,
        "downside_risk_2021_2022_2_5_bps": 0.1287555220214424,
        "sortino_ratio_2021_2022_2_5_bps": 7.656544103849093,
        "max_drawdown_2021_2022_2_5_bps": 0.1164221809857494,
        "calmar_ratio_2021_2022_2_5_bps": 13.86745661648693,