{
    "ALL": {
        "performance_sw": 1.561512895290657,
        "performance_fw": 1.1559135050683493,
        "val_loss": 5.563185963905759,
        "annual_return_2021_2022": 0.22813983611229016,
        "annual_volatility_2021_2022": 0.13771853004266435,
        "sharpe_ratio_2021_2022": 1.5615128952906572,
        "downside_risk_2021_2022": 0.09538885614718887,
        "sortino_ratio_2021_2022": 2.254448467756699,
        "max_drawdown_2021_2022": 0.08649279553806219,
        "calmar_ratio_2021_2022": 2.637674440894843,
        "perc_pos_return_2021_2022": 0.5396825396825397,
        "profit_loss_ratio_2021_2022": 1.112728762820441,
        "sharpe_ratio_2021": 1.5615128952906572,
        "annual_return_2021_2022_0_5_bps": 0.22605111125347532,
        "annual_volatility_2021_2022_0_5_bps": 0.13771907564751826,
        "sharpe_ratio_2021_2022_0_5_bps": 1.5491379577394615,
        "downside_risk_2021_2022_0_5_bps": 0.09543952469061726,
        "sortino_ratio_2021_2022_0_5_bps": 2.2354035006142174,
        "max_drawdown_2021_2022_0_5_bps": 0.08657622516958617,
        "calmar_ratio_2021_2022_0_5_bps": 2.611006784029734,
        "perc_pos_return_2021_2022_0_5_bps": 0.5396825396825397,
        "profit_loss_ratio_2021_2022_0_5_bps": 1.1103891147220843,
        "sharpe_ratio_2021_0_5_bps": 1.5491379577394615,
        "annual_return_2021_2022_1_0_bps": 0.22396592363253665,
        "annual_volatility_2021_2022_1_0_bps": 0.13771962735750637,
        "sharpe_ratio_2021_2022_1_0_bps": 1.5367630501150649,
        "downside_risk_2021_2022_1_0_bps": 0.09549022528045267,
        "sortino_ratio_2021_2022_1_0_bps": 2.2163780007539255,
        "max_drawdown_2021_2022_1_0_bps": 0.08665964792343558,
        "calmar_ratio_2021_2022_1_0_bps": 2.584431497234008,
        "perc_pos_return_2021_2022_1_0_bps": 0.5396825396825397,
        "profit_loss_ratio_2021_2022_1_0_bps": 1.1080545784549718,
        "sharpe_ratio_2021_1_0_bps": 1.5367630501150649,
        "annual_return_2021_2022_1_5_bps": 0.2218842672847654,
        "annual_volatility_2021_2022_1_5_bps": 0.13772018517255527,
        "sharpe_ratio_2021_2022_1_5_bps": 1.524388174063658,
        "downside_risk_2021_2022_1_5_bps": 0.09554095786567703,
        "sortino_ratio_2021_2022_1_5_bps": 2.1973719575018067,
        "max_drawdown_2021_2022_1_5_bps": 0.08674306380011701,
        "calmar_ratio_2021_2022_1_5_bps": 2.5579482389053694,
        "perc_pos_return_2021_2022_1_5_bps": 0.5396825396825397,
        "profit_loss_ratio_2021_2022_1_5_bps": 1.1057251372843406,
        "sharpe_ratio_2021_1_5_bps": 1.524388174063658,
        "annual_return_2021_2022_2_0_bps": 0.2198061362554502,
        "annual_volatility_2021_2022_2_0_bps": 0.1377207490925908,
        "sharpe_ratio_2021_2022_2_0_bps": 1.5120133312313788,
        "downside_risk_2021_2022_2_0_bps": 0.09559172282659383,
        "sortino_ratio_2021_2022_2_0_bps": 2.1783853502976878,
        "max_drawdown_2021_2022_2_0_bps": 0.08682647280013736,
        "calmar_ratio_2021_2022_2_0_bps": 2.531556668913798,
        "perc_pos_return_2021_2022_2_0_bps": 0.5357142857142857,
        "profit_loss_ratio_2021_2022_2_0_bps": 1.1211533905935487,
        "sharpe_ratio_2021_2_0_bps": 1.5120133312313788,
        "annual_return_2021_2022_2_5_bps": 0.21773152459988943,
        "annual_volatility_2021_2022_2_5_bps": 0.13772131911753796,
        "sharpe_ratio_2021_2022_2_5_bps": 1.4996385232643132,
        "downside_risk_2021_2022_2_5_bps": 0.09564252054348624,
        "sortino_ratio_2021_2022_2_5_bps": 2.1594181588881574,
        "max_drawdown_2021_2022_2_5_bps": 0.08690987492400337,
        "calmar_ratio_2021_2022_2_5_bps": 2.505256448594368,
        "perc_pos_return_2021_2022_2_5_bps": 0.5357142857142857,
        "profit_loss_ratio_2021_2022_2_5_bps": 1.1187935750598634,
        "sharpe_ratio_2021_2_5_bps": 1.4996385232643132,
        "annual_return_2021_2022_3_0_bps": 0.21566042638335126,
        "annual_volatility_2021_2022_3_0_bps": 0.13772189524732092,
        "sharpe_ratio_2021_2022_3_0_bps": 1.4872637518084917,
        "downside_risk_2021_2022_3_0_bps": 0.09569335096419004,
        "sortino_ratio_2021_2022_3_0_bps": 2.140470372997563,
        "max_drawdown_2021_2022_3_0_bps": 0.08699327017222129,
        "calmar_ratio_2021_2022_3_0_bps": 2.4790472407395026,
        "perc_pos_return_2021_2022_3_0_bps": 0.5357142857142857,
        "profit_loss_ratio_2021_2022_3_0_bps": 1.1164389531177465,
        "sharpe_ratio_2021_3_0_bps": 1.4872637518084917
    },
    "STOCK": {
        "annual_return_2021_2022": 0.22813983611229016,
        "annual_volatility_2021_2022": 0.13771853004266435,
        "sharpe_ratio_2021_2022": 1.5615128952906572,
        "downside_risk_2021_2022": 0.09538885614718887,
        "sortino_ratio_2021_2022": 2.254448467756699,
        "max_drawdown_2021_2022": 0.08649279553806219,
        "calmar_ratio_2021_2022": 2.637674440894843,
        "perc_pos_return_2021_2022": 0.5396825396825397,
        "profit_loss_ratio_2021_2022": 1.112728762820441,
        "sharpe_ratio_2021": 1.5615128952906572,
        "annual_return_2021_2022_0_5_bps": 0.22605111125347532,
        "annual_volatility_2021_2022_0_5_bps": 0.13771907564751826,
        "sharpe_ratio_2021_2022_0_5_bps": 1.5491379577394615,
        "downside_risk_2021_2022_0_5_bps": 0.09543952469061726,
        "sortino_ratio_2021_2022_0_5_bps": 2.2354035006142174,
        "max_drawdown_2021_2022_0_5_bps": 0.08657622516958617,
        "calmar_ratio_2021_2022_0_5_bps": 2.611006784029734,
        "perc_pos_return_2021_2022_0_5_bps": 0.5396825396825397,
        "profit_loss_ratio_2021_2022_0_5_bps": 1.1103891147220843,
        "sharpe_ratio_2021_0_5_bps": 1.5491379577394615,
        "annual_return_2021_2022_1_0_bps": 0.22396592363253665,
        "annual_volatility_2021_2022_1_0_bps": 0.13771962735750637,
        "sharpe_ratio_2021_2022_1_0_bps": 1.5367630501150649,
        "downside_risk_2021_2022_1_0_bps": 0.09549022528045267,
        "sortino_ratio_2021_2022_1_0_bps": 2.2163780007539255,
        "max_drawdown_2021_2022_1_0_bps": 0.08665964792343558,
        "calmar_ratio_2021_2022_1_0_bps": 2.584431497234008,
        "perc_pos_return_2021_2022_1_0_bps": 0.5396825396825397,
        "profit_loss_ratio_2021_2022_1_0_bps": 1.1080545784549718,
        "sharpe_ratio_2021_1_0_bps": 1.5367630501150649,
        "annual_return_2021_2022_1_5_bps": 0.2218842672847654,
        "annual_volatility_2021_2022_1_5_bps": 0.13772018517255527,
        "sharpe_ratio_2021_2022_1_5_bps": 1.524388174063658,
        "downside_risk_2021_2022_1_5_bps": 0.09554095786567703,
        "sortino_ratio_2021_2022_1_5_bps": 2.1973719575018067,
        "max_drawdown_2021_2022_1_5_bps": 0.08674306380011701,
        "calmar_ratio_2021_2022_1_5_bps": 2.5579482389053694,
        "perc_pos_return_2021_2022_1_5_bps": 0.5396825396825397,
        "profit_loss_ratio_2021_2022_1_5_bps": 1.1057251372843406,
        "sharpe_ratio_2021_1_5_bps": 1.524388174063658,
        "annual_return_2021_2022_2_0_bps": 0.2198061362554502,
        "annual_volatility_2021_2022_2_0_bps": 0.1377207490925908,
        "sharpe_ratio_2021_2022_2_0_bps": 1.5120133312313788,
        "downside_risk_2021_2022_2_0_bps": 0.09559172282659383,
        "sortino_ratio_2021_2022_2_0_bps": 2.1783853502976878,
        "max_drawdown_2021_2022_2_0_bps": 0.08682647280013736,
        "calmar_ratio_2021_2022_2_0_bps": 2.531556668913798,
        "perc_pos_return_2021_2022_2_0_bps": 0.5357142857142857,
        "profit_loss_ratio_2021_2022_2_0_bps": 1.1211533905935487,
        "sharpe_ratio_2021_2_0_bps": 1.5120133312313788,
        "annual_return_2021_2022_2_5_bps": 0.21773152459988943,
        "annual_volatility_2021_2022_2_5_bps": 0.13772131911753796,
        "sharpe_ratio_2021_2022_2_5_bps": 1.4996385232643132,
        "downside_risk_2021_2022_2_5_bps": 0.09564252054348624,
        "sortino_ratio_2021_2022_2_5_bps": 2.1594181588881574,
        "max_drawdown_2021_2022_2_5_bps": 0.08690987492400337,