{
    "ALL": {
        "performance_sw": 3.626091598276981,
        "performance_fw": 3.6647520203029376,
        "val_loss": -0.8502941768323387,
        "annual_return_2019_2020": 9.455311260854655,
        "annual_volatility_2019_2020": 0.42256783419034455,
        "sharpe_ratio_2019_2020": 5.791231956669105,
        "downside_risk_2019_2020": 0.24777767132595988,
        "sortino_ratio_2019_2020": 9.876549134260832,
        "max_drawdown_2019_2020": 0.18984950375943813,
        "calmar_ratio_2019_2020": 49.80424532916166,
        "perc_pos_return_2019_2020": 0.6706349206349206,
        "profit_loss_ratio_2019_2020": 1.2914653124847306,
        "sharpe_ratio_2019": 5.791231956669108,
        "annual_return_2019_2020_0_5_bps": 9.452315450166074,
        "annual_volatility_2019_2020_0_5_bps": 0.4225681204345668,
        "sharpe_ratio_2019_2020_0_5_bps": 5.790543986861917,
        "downside_risk_2019_2020_0_5_bps": 0.2477841995507796,
        "sortino_ratio_2019_2020_0_5_bps": 9.875122357511211,
        "max_drawdown_2019_2020_0_5_bps": 0.1898545913492699,
        "calmar_ratio_2019_2020_0_5_bps": 49.7871312091522,
        "perc_pos_return_2019_2020_0_5_bps": 0.6706349206349206,
        "profit_loss_ratio_2019_2020_0_5_bps": 1.2913205910499215,
        "sharpe_ratio_2019_0_5_bps": 5.790543986861917,
        "annual_return_2019_2020_1_0_bps": 9.449320493864768,
        "annual_volatility_2019_2020_1_0_bps": 0.42256840681876434,
        "sharpe_ratio_2019_2020_1_0_bps": 5.789856016068888,
        "downside_risk_2019_2020_1_0_bps": 0.24779072810856825,
        "sortino_ratio_2019_2020_1_0_bps": 9.873695642672706,
        "max_drawdown_2019_2020_1_0_bps": 0.18985967891603953,
        "calmar_ratio_2019_2020_1_0_bps": 49.77002251248662,
        "perc_pos_return_2019_2020_1_0_bps": 0.6706349206349206,
        "profit_loss_ratio_2019_2020_1_0_bps": 1.2911758877661974,
        "sharpe_ratio_2019_1_0_bps": 5.7898560160688834,
        "annual_return_2019_2020_1_5_bps": 9.446326391708224,
        "annual_volatility_2019_2020_1_5_bps": 0.42256869334293745,
        "sharpe_ratio_2019_2020_1_5_bps": 5.7891680442907045,
        "downside_risk_2019_2020_1_5_bps": 0.2477972569992994,
        "sortino_ratio_2019_2020_1_5_bps": 9.872268989747244,
        "max_drawdown_2019_2020_1_5_bps": 0.18986476645974612,
        "calmar_ratio_2019_2020_1_5_bps": 49.752919237445624,
        "perc_pos_return_2019_2020_1_5_bps": 0.6706349206349206,
        "profit_loss_ratio_2019_2020_1_5_bps": 1.2910312026301425,
        "sharpe_ratio_2019_1_5_bps": 5.789168044290701,
        "annual_return_2019_2020_2_0_bps": 9.443333143454028,
        "annual_volatility_2019_2020_2_0_bps": 0.422568980007086,
        "sharpe_ratio_2019_2020_2_0_bps": 5.788480071528054,
        "downside_risk_2019_2020_2_0_bps": 0.24780378622294705,
        "sortino_ratio_2019_2020_2_0_bps": 9.870842398736709,
        "max_drawdown_2019_2020_2_0_bps": 0.1898698539803901,
        "calmar_ratio_2019_2020_2_0_bps": 49.73582138231034,
        "perc_pos_return_2019_2020_2_0_bps": 0.6706349206349206,
        "profit_loss_ratio_2019_2020_2_0_bps": 1.2908865356383439,
        "sharpe_ratio_2019_2_0_bps": 5.788480071528054,
        "annual_return_2019_2020_2_5_bps": 9.440340748859725,
        "annual_volatility_2019_2020_2_5_bps": 0.42256926681120915,
        "sharpe_ratio_2019_2020_2_5_bps": 5.787792097781645,
        "downside_risk_2019_2020_2_5_bps": 0.24781031577948454,
        "sortino_ratio_2019_2020_2_5_bps": 9.86941586964305,
        "max_drawdown_2019_2020_2_5_bps": 0.1898749414779715,
        "calmar_ratio_2019_2020_2_5_bps": 49.71872894536194,
        "perc_pos_return_2019_2020_2_5_bps": 0.6706349206349206,
        "profit_loss_ratio_2019_2020_2_5_bps": 1.290741886787389,
        "sharpe_ratio_2019_2_5_bps": 5.787792097781644,
        "annual_return_2019_2020_3_0_bps": 9.437349207683049,
        "annual_volatility_2019_2020_3_0_bps": 0.4225695537553072,
        "sharpe_ratio_2019_2020_3_0_bps": 5.787104123052146,
        "downside_risk_2019_2020_3_0_bps": 0.24781684566888573,
        "sortino_ratio_2019_2020_3_0_bps": 9.867989402468124,
        "max_drawdown_2019_2020_3_0_bps": 0.18988002895249034,
        "calmar_ratio_2019_2020_3_0_bps": 49.70164192488277,
        "perc_pos_return_2019_2020_3_0_bps": 0.6706349206349206,
        "profit_loss_ratio_2019_2020_3_0_bps": 1.2905972560738648,
        "sharpe_ratio_2019_3_0_bps": 5.7871041230521465
    },
    "STOCK": {
        "annual_return_2019_2020": 9.455311260854655,
        "annual_volatility_2019_2020": 0.42256783419034455,
        "sharpe_ratio_2019_2020": 5.791231956669105,
        "downside_risk_2019_2020": 0.24777767132595988,
        "sortino_ratio_2019_2020": 9.876549134260832,
        "max_drawdown_2019_2020": 0.18984950375943813,
        "calmar_ratio_2019_2020": 49.80424532916166,
        "perc_pos_return_2019_2020": 0.6706349206349206,
        "profit_loss_ratio_2019_2020": 1.2914653124847306,
        "sharpe_ratio_2019": 5.791231956669108,
        "annual_return_2019_2020_0_5_bps": 9.452315450166074,
        "annual_volatility_2019_2020_0_5_bps": 0.4225681204345668,
        "sharpe_ratio_2019_2020_0_5_bps": 5.790543986861917,
        "downside_risk_2019_2020_0_5_bps": 0.2477841995507796,
        "sortino_ratio_2019_2020_0_5_bps": 9.875122357511211,
        "max_drawdown_2019_2020_0_5_bps": 0.1898545913492699,
        "calmar_ratio_2019_2020_0_5_bps": 49.7871312091522,
        "perc_pos_return_2019_2020_0_5_bps": 0.6706349206349206,
        "profit_loss_ratio_2019_2020_0_5_bps": 1.2913205910499215,
        "sharpe_ratio_2019_0_5_bps": 5.790543986861917,
        "annual_return_2019_2020_1_0_bps": 9.449320493864768,
        "annual_volatility_2019_2020_1_0_bps": 0.42256840681876434,
        "sharpe_ratio_2019_2020_1_0_bps": 5.789856016068888,
        "downside_risk_2019_2020_1_0_bps": 0.24779072810856825,
        "sortino_ratio_2019_2020_1_0_bps": 9.873695642672706,
        "max_drawdown_2019_2020_1_0_bps": 0.18985967891603953,
        "calmar_ratio_2019_2020_1_0_bps": 49.77002251248662,
        "perc_pos_return_2019_2020_1_0_bps": 0.6706349206349206,
        "profit_loss_ratio_2019_2020_1_0_bps": 1.2911758877661974,
        "sharpe_ratio_2019_1_0_bps": 5.7898560160688834,
        "annual_return_2019_2020_1_5_bps": 9.446326391708224,
        "annual_volatility_2019_2020_1_5_bps": 0.42256869334293745,
        "sharpe_ratio_2019_2020_1_5_bps": 5.7891680442907045,
        "downside_risk_2019_2020_1_5_bps": 0.2477972569992994,
        "sortino_ratio_2019_2020_1_5_bps": 9.872268989747244,
        "max_drawdown_2019_2020_1_5_bps": 0.18986476645974612,
        "calmar_ratio_2019_2020_1_5_bps": 49.752919237445624,
        "perc_pos_return_2019_2020_1_5_bps": 0.6706349206349206,
        "profit_loss_ratio_2019_2020_1_5_bps": 1.2910312026301425,
        "sharpe_ratio_2019_1_5_bps": 5.789168044290701,
        "annual_return_2019_2020_2_0_bps": 9.443333143454028,
        "annual_volatility_2019_2020_2_0_bps": 0.422568980007086,
        "sharpe_ratio_2019_2020_2_0_bps": 5.788480071528054,
        "downside_risk_2019_2020_2_0_bps": 0.24780378622294705,
        "sortino_ratio_2019_2020_2_0_bps": 9.870842398736709,
        "max_drawdown_2019_2020_2_0_bps": 0.1898698539803901,
        "calmar_ratio_2019_2020_2_0_bps": 49.73582138231034,
        "perc_pos_return_2019_2020_2_0_bps": 0.6706349206349206,
        "profit_loss_ratio_2019_2020_2_0_bps": 1.2908865356383439,
        "sharpe_ratio_2019_2_0_bps": 5.788480071528054,
        "annual_return_2019_2020_2_5_bps": 9.440340748859725,
        "annual_volatility_2019_2020_2_5_bps": 0.42256926681120915,
        "sharpe_ratio_2019_2020_2_5_bps": 5.787792097781645,
        "downside_risk_2019_2020_2_5_bps": 0.24781031577948454,
        "sortino_ratio_2019_2020_2_5_bps": 9.86941586964305,
        "max_drawdown_2019_2020_2_5_bps": 0.1898749414779715,
        "calmar_ratio_2019_2020_2_5_bps": 49.71872894536194,