{
    "ALL": {
        "performance_sw": -0.22377665790270826,
        "performance_fw": 0.11428416348245755,
        "val_loss": 2.8220561872716767,
        "annual_return_2022_2023": -0.0509141014665937,
        "annual_volatility_2022_2023": 0.1696318819034552,
        "sharpe_ratio_2022_2023": -0.22377665790270834,
        "downside_risk_2022_2023": 0.11567320430432805,
        "sortino_ratio_2022_2023": -0.3281629123563737,
        "max_drawdown_2022_2023": 0.17613649780947843,
        "calmar_ratio_2022_2023": -0.289060484906802,
        "perc_pos_return_2022_2023": 0.47410358565737054,
        "profit_loss_ratio_2022_2023": 1.0625567190898506,
        "sharpe_ratio_2022": -0.22377665790270834,
        "annual_return_2022_2023_0_5_bps": -0.051425899287908194,
        "annual_volatility_2022_2023_0_5_bps": 0.16963071024218762,
        "sharpe_ratio_2022_2023_0_5_bps": -0.22695837182470213,
        "downside_risk_2022_2023_0_5_bps": 0.11568881276585916,
        "sortino_ratio_2022_2023_0_5_bps": -0.33278161377584964,
        "max_drawdown_2022_2023_0_5_bps": 0.1762184209934451,
        "calmar_ratio_2022_2023_0_5_bps": -0.29183043973490785,
        "perc_pos_return_2022_2023_0_5_bps": 0.47410358565737054,
        "profit_loss_ratio_2022_2023_0_5_bps": 1.061907780302178,
        "sharpe_ratio_2022_0_5_bps": -0.22695837182470213,
        "annual_return_2022_2023_1_0_bps": -0.05193742234493781,
        "annual_volatility_2022_2023_1_0_bps": 0.16962953938596564,
        "sharpe_ratio_2022_2023_1_0_bps": -0.23014012860779612,
        "downside_risk_2022_2023_1_0_bps": 0.11570442485961271,
        "sortino_ratio_2022_2023_1_0_bps": -0.3373990584831469,
        "max_drawdown_2022_2023_1_0_bps": 0.1763003362003466,
        "calmar_ratio_2022_2023_1_0_bps": -0.2945962751081566,
        "perc_pos_return_2022_2023_1_0_bps": 0.47410358565737054,
        "profit_loss_ratio_2022_2023_1_0_bps": 1.0612592399775989,
        "sharpe_ratio_2022_1_0_bps": -0.23014012860779612,
        "annual_return_2022_2023_1_5_bps": -0.052448670784533635,
        "annual_volatility_2022_2023_1_5_bps": 0.16962836933480593,
        "sharpe_ratio_2022_2023_1_5_bps": -0.2333219282075529,
        "downside_risk_2022_2023_1_5_bps": 0.11572004058411861,
        "sortino_ratio_2022_2023_1_5_bps": -0.3420152465564511,
        "max_drawdown_2022_2023_1_5_bps": 0.17638224343094386,
        "calmar_ratio_2022_2023_1_5_bps": -0.29735799797255685,
        "perc_pos_return_2022_2023_1_5_bps": 0.47410358565737054,
        "profit_loss_ratio_2022_2023_1_5_bps": 1.0606110977492285,
        "sharpe_ratio_2022_1_5_bps": -0.2333219282075529,
        "annual_return_2022_2023_2_0_bps": -0.05295964475347248,
        "annual_volatility_2022_2023_2_0_bps": 0.1696272000887252,
        "sharpe_ratio_2022_2023_2_0_bps": -0.23650377057953326,
        "downside_risk_2022_2023_2_0_bps": 0.11573565993790723,
        "sortino_ratio_2022_2023_2_0_bps": -0.346630178074378,
        "max_drawdown_2022_2023_2_0_bps": 0.17646414268599578,
        "calmar_ratio_2022_2023_2_0_bps": -0.30011561525963976,
        "perc_pos_return_2022_2023_2_0_bps": 0.47410358565737054,
        "profit_loss_ratio_2022_2023_2_0_bps": 1.0599633532506312,
        "sharpe_ratio_2022_2_0_bps": -0.23650377057953326,
        "annual_return_2022_2023_2_5_bps": -0.053470344398450886,
        "annual_volatility_2022_2023_2_5_bps": 0.16962603164774004,
        "sharpe_ratio_2022_2023_2_5_bps": -0.23968565567929312,
        "downside_risk_2022_2023_2_5_bps": 0.11575128291950937,
        "sortino_ratio_2022_2023_2_5_bps": -0.35124385311596873,
        "max_drawdown_2022_2023_2_5_bps": 0.1765460339662634,
        "calmar_ratio_2022_2023_2_5_bps": -0.30286913388645514,
        "perc_pos_return_2022_2023_2_5_bps": 0.47410358565737054,
        "profit_loss_ratio_2022_2023_2_5_bps": 1.059316006115822,
        "sharpe_ratio_2022_2_5_bps": -0.23968565567929312,
        "annual_return_2022_2023_3_0_bps": -0.05398076986608735,
        "annual_volatility_2022_2023_3_0_bps": 0.16962486401186713,
        "sharpe_ratio_2022_2023_3_0_bps": -0.24286758346238405,
        "downside_risk_2022_2023_3_0_bps": 0.11576690952745626,
        "sortino_ratio_2022_2023_3_0_bps": -0.3558562717606899,
        "max_drawdown_2022_2023_3_0_bps": 0.17662791727250626,
        "calmar_ratio_2022_2023_3_0_bps": -0.3056185607556272,
        "perc_pos_return_2022_2023_3_0_bps": 0.47410358565737054,
        "profit_loss_ratio_2022_2023_3_0_bps": 1.058669055979264,
        "sharpe_ratio_2022_3_0_bps": -0.24286758346238405
    },
    "STOCK": {
        "annual_return_2022_2023": -0.0509141014665937,
        "annual_volatility_2022_2023": 0.1696318819034552,
        "sharpe_ratio_2022_2023": -0.22377665790270834,
        "downside_risk_2022_2023": 0.11567320430432805,
        "sortino_ratio_2022_2023": -0.3281629123563737,
        "max_drawdown_2022_2023": 0.17613649780947843,
        "calmar_ratio_2022_2023": -0.289060484906802,
        "perc_pos_return_2022_2023": 0.47410358565737054,
        "profit_loss_ratio_2022_2023": 1.0625567190898506,
        "sharpe_ratio_2022": -0.22377665790270834,
        "annual_return_2022_2023_0_5_bps": -0.051425899287908194,
        "annual_volatility_2022_2023_0_5_bps": 0.16963071024218762,
        "sharpe_ratio_2022_2023_0_5_bps": -0.22695837182470213,
        "downside_risk_2022_2023_0_5_bps": 0.11568881276585916,
        "sortino_ratio_2022_2023_0_5_bps": -0.33278161377584964,
        "max_drawdown_2022_2023_0_5_bps": 0.1762184209934451,
        "calmar_ratio_2022_2023_0_5_bps": -0.29183043973490785,
        "perc_pos_return_2022_2023_0_5_bps": 0.47410358565737054,
        "profit_loss_ratio_2022_2023_0_5_bps": 1.061907780302178,
        "sharpe_ratio_2022_0_5_bps": -0.22695837182470213,
        "annual_return_2022_2023_1_0_bps": -0.05193742234493781,
        "annual_volatility_2022_2023_1_0_bps": 0.16962953938596564,
        "sharpe_ratio_2022_2023_1_0_bps": -0.23014012860779612,
        "downside_risk_2022_2023_1_0_bps": 0.11570442485961271,
        "sortino_ratio_2022_2023_1_0_bps": -0.3373990584831469,
        "max_drawdown_2022_2023_1_0_bps": 0.1763003362003466,
        "calmar_ratio_2022_2023_1_0_bps": -0.2945962751081566,
        "perc_pos_return_2022_2023_1_0_bps": 0.47410358565737054,
        "profit_loss_ratio_2022_2023_1_0_bps": 1.0612592399775989,
        "sharpe_ratio_2022_1_0_bps": -0.23014012860779612,
        "annual_return_2022_2023_1_5_bps": -0.052448670784533635,
        "annual_volatility_2022_2023_1_5_bps": 0.16962836933480593,
        "sharpe_ratio_2022_2023_1_5_bps": -0.2333219282075529,
        "downside_risk_2022_2023_1_5_bps": 0.11572004058411861,
        "sortino_ratio_2022_2023_1_5_bps": -0.3420152465564511,
        "max_drawdown_2022_2023_1_5_bps": 0.17638224343094386,
        "calmar_ratio_2022_2023_1_5_bps": -0.29735799797255685,
        "perc_pos_return_2022_2023_1_5_bps": 0.47410358565737054,
        "profit_loss_ratio_2022_2023_1_5_bps": 1.0606110977492285,
        "sharpe_ratio_2022_1_5_bps": -0.2333219282075529,
        "annual_return_2022_2023_2_0_bps": -0.05295964475347248,
        "annual_volatility_2022_2023_2_0_bps": 0.1696272000887252,
        "sharpe_ratio_2022_2023_2_0_bps": -0.23650377057953326,
        "downside_risk_2022_2023_2_0_bps": 0.11573565993790723,
        "sortino_ratio_2022_2023_2_0_bps": -0.346630178074378,
        "max_drawdown_2022_2023_2_0_bps": 0.17646414268599578,
        "calmar_ratio_2022_2023_2_0_bps": -0.30011561525963976,
        "perc_pos_return_2022_2023_2_0_bps": 0.47410358565737054,
        "profit_loss_ratio_2022_2023_2_0_bps": 1.0599633532506312,
        "sharpe_ratio_2022_2_0_bps": -0.23650377057953326,
        "annual_return_2022_2023_2_5_bps": -0.053470344398450886,
        "annual_volatility_2022_2023_2_5_bps": 0.16962603164774004,
        "sharpe_ratio_2022_2023_2_5_bps": -0.23968565567929312,
        "downside_risk_2022_2023_2_5_bps": 0.11575128291950937,