{
    "ALL": {
        "performance_sw": 0.7585814284990083,
        "performance_fw": 0.66742226909051,
        "val_loss": 6.123270149763663,
        "annual_return_2020_2021": 1.0902841246026709,
        "annual_volatility_2020_2021": 0.4821068910578529,
        "sharpe_ratio_2020_2021": 1.7784982228347883,
        "downside_risk_2020_2021": 0.3510589472532177,
        "sortino_ratio_2020_2021": 2.4423996473285654,
        "max_drawdown_2020_2021": 0.4803895749849324,
        "calmar_ratio_2020_2021": 2.2695832328103043,
        "perc_pos_return_2020_2021": 0.6640316205533597,
        "profit_loss_ratio_2020_2021": 0.7476525848319653,
        "sharpe_ratio_2020": 1.7784982228347883,
        "annual_return_2020_2021_0_5_bps": 1.089714409617919,
        "annual_volatility_2020_2021_0_5_bps": 0.48210806590432914,
        "sharpe_ratio_2020_2021_0_5_bps": 1.7779283838743782,
        "downside_risk_2020_2021_0_5_bps": 0.3510658182652111,
        "sortino_ratio_2020_2021_0_5_bps": 2.4415752541836846,
        "max_drawdown_2020_2021_0_5_bps": 0.48040921956880617,
        "calmar_ratio_2020_2021_0_5_bps": 2.2683045312827215,
        "perc_pos_return_2020_2021_0_5_bps": 0.6640316205533597,
        "profit_loss_ratio_2020_2021_0_5_bps": 0.747563306978909,
        "sharpe_ratio_2020_0_5_bps": 1.7779283838743796,
        "annual_return_2020_2021_1_0_bps": 1.0891448490500428,
        "annual_volatility_2020_2021_1_0_bps": 0.4821092409880149,
        "sharpe_ratio_2020_2021_1_0_bps": 1.7773585468167346,
        "downside_risk_2020_2021_1_0_bps": 0.3510726895523877,
        "sortino_ratio_2020_2021_1_0_bps": 2.440750891394848,
        "max_drawdown_2020_2021_1_0_bps": 0.4804288634509245,
        "calmar_ratio_2020_2021_1_0_bps": 2.267026259052602,
        "perc_pos_return_2020_2021_1_0_bps": 0.6640316205533597,
        "profit_loss_ratio_2020_2021_1_0_bps": 0.7474740383071147,
        "sharpe_ratio_2020_1_0_bps": 1.7773585468167343,
        "annual_return_2020_2021_1_5_bps": 1.0885754428574392,
        "annual_volatility_2020_2021_1_5_bps": 0.48211041630890805,
        "sharpe_ratio_2020_2021_1_5_bps": 1.7767887116626886,
        "downside_risk_2020_2021_1_5_bps": 0.35107956111473126,
        "sortino_ratio_2020_2021_1_5_bps": 2.439926558962318,
        "max_drawdown_2020_2021_1_5_bps": 0.480448506631311,
        "calmar_ratio_2020_2021_1_5_bps": 2.2657484159749837,
        "perc_pos_return_2020_2021_1_5_bps": 0.6640316205533597,
        "profit_loss_ratio_2020_2021_1_5_bps": 0.7473847788151659,
        "sharpe_ratio_2020_1_5_bps": 1.7767887116626897,
        "annual_return_2020_2021_2_0_bps": 1.0880061909984828,
        "annual_volatility_2020_2021_2_0_bps": 0.48211159186700625,
        "sharpe_ratio_2020_2021_2_0_bps": 1.7762188784130786,
        "downside_risk_2020_2021_2_0_bps": 0.3510864329522255,
        "sortino_ratio_2020_2021_2_0_bps": 2.439102256886368,
        "max_drawdown_2020_2021_2_0_bps": 0.4804681491099887,
        "calmar_ratio_2020_2021_2_0_bps": 2.2644710019048873,
        "perc_pos_return_2020_2021_2_0_bps": 0.6640316205533597,
        "profit_loss_ratio_2020_2021_2_0_bps": 0.7472955285016468,
        "sharpe_ratio_2020_2_0_bps": 1.7762188784130815,
        "annual_return_2020_2021_2_5_bps": 1.0874370934315825,
        "annual_volatility_2020_2021_2_5_bps": 0.4821127676623083,
        "sharpe_ratio_2020_2021_2_5_bps": 1.7756490470687352,
        "downside_risk_2020_2021_2_5_bps": 0.3510933050648543,
        "sortino_ratio_2020_2021_2_5_bps": 2.438277985167263,
        "max_drawdown_2020_2021_2_5_bps": 0.48048779088698207,
        "calmar_ratio_2020_2021_2_5_bps": 2.2631940166974274,
        "perc_pos_return_2020_2021_2_5_bps": 0.6640316205533597,
        "profit_loss_ratio_2020_2021_2_5_bps": 0.7472062873651422,
        "sharpe_ratio_2020_2_5_bps": 1.7756490470687356,
        "annual_return_2020_2021_3_0_bps": 1.0868681501151563,
        "annual_volatility_2020_2021_3_0_bps": 0.4821139436948125,
        "sharpe_ratio_2020_2021_3_0_bps": 1.775079217630493,
        "downside_risk_2020_2021_3_0_bps": 0.3511001774526016,
        "sortino_ratio_2020_2021_3_0_bps": 2.4374537438052726,
        "max_drawdown_2020_2021_3_0_bps": 0.4805074319623141,
        "calmar_ratio_2020_2021_3_0_bps": 2.261917460207772,
        "perc_pos_return_2020_2021_3_0_bps": 0.6640316205533597,
        "profit_loss_ratio_2020_2021_3_0_bps": 0.7471170554042361,
        "sharpe_ratio_2020_3_0_bps": 1.7750792176304928
    },
    "STOCK": {
        "annual_return_2020_2021": 1.0902841246026709,
        "annual_volatility_2020_2021": 0.4821068910578529,
        "sharpe_ratio_2020_2021": 1.7784982228347883,
        "downside_risk_2020_2021": 0.3510589472532177,
        "sortino_ratio_2020_2021": 2.4423996473285654,
        "max_drawdown_2020_2021": 0.4803895749849324,
        "calmar_ratio_2020_2021": 2.2695832328103043,
        "perc_pos_return_2020_2021": 0.6640316205533597,
        "profit_loss_ratio_2020_2021": 0.7476525848319653,
        "sharpe_ratio_2020": 1.7784982228347883,
        "annual_return_2020_2021_0_5_bps": 1.089714409617919,
        "annual_volatility_2020_2021_0_5_bps": 0.48210806590432914,
        "sharpe_ratio_2020_2021_0_5_bps": 1.7779283838743782,
        "downside_risk_2020_2021_0_5_bps": 0.3510658182652111,
        "sortino_ratio_2020_2021_0_5_bps": 2.4415752541836846,
        "max_drawdown_2020_2021_0_5_bps": 0.48040921956880617,
        "calmar_ratio_2020_2021_0_5_bps": 2.2683045312827215,
        "perc_pos_return_2020_2021_0_5_bps": 0.6640316205533597,
        "profit_loss_ratio_2020_2021_0_5_bps": 0.747563306978909,
        "sharpe_ratio_2020_0_5_bps": 1.7779283838743796,
        "annual_return_2020_2021_1_0_bps": 1.0891448490500428,
        "annual_volatility_2020_2021_1_0_bps": 0.4821092409880149,
        "sharpe_ratio_2020_2021_1_0_bps": 1.7773585468167346,
        "downside_risk_2020_2021_1_0_bps": 0.3510726895523877,
        "sortino_ratio_2020_2021_1_0_bps": 2.440750891394848,
        "max_drawdown_2020_2021_1_0_bps": 0.4804288634509245,
        "calmar_ratio_2020_2021_1_0_bps": 2.267026259052602,
        "perc_pos_return_2020_2021_1_0_bps": 0.6640316205533597,
        "profit_loss_ratio_2020_2021_1_0_bps": 0.7474740383071147,
        "sharpe_ratio_2020_1_0_bps": 1.7773585468167343,
        "annual_return_2020_2021_1_5_bps": 1.0885754428574392,
        "annual_volatility_2020_2021_1_5_bps": 0.48211041630890805,
        "sharpe_ratio_2020_2021_1_5_bps": 1.7767887116626886,
        "downside_risk_2020_2021_1_5_bps": 0.35107956111473126,
        "sortino_ratio_2020_2021_1_5_bps": 2.439926558962318,
        "max_drawdown_2020_2021_1_5_bps": 0.480448506631311,
        "calmar_ratio_2020_2021_1_5_bps": 2.2657484159749837,
        "perc_pos_return_2020_2021_1_5_bps": 0.6640316205533597,
        "profit_loss_ratio_2020_2021_1_5_bps": 0.7473847788151659,
        "sharpe_ratio_2020_1_5_bps": 1.7767887116626897,
        "annual_return_2020_2021_2_0_bps": 1.0880061909984828,
        "annual_volatility_2020_2021_2_0_bps": 0.48211159186700625,
        "sharpe_ratio_2020_2021_2_0_bps": 1.7762188784130786,
        "downside_risk_2020_2021_2_0_bps": 0.3510864329522255,
        "sortino_ratio_2020_2021_2_0_bps": 2.439102256886368,
        "max_drawdown_2020_2021_2_0_bps": 0.4804681491099887,
        "calmar_ratio_2020_2021_2_0_bps": 2.2644710019048873,
        "perc_pos_return_2020_2021_2_0_bps": 0.6640316205533597,
        "profit_loss_ratio_2020_2021_2_0_bps": 0.7472955285016468,
        "sharpe_ratio_2020_2_0_bps": 1.7762188784130815,
        "annual_return_2020_2021_2_5_bps": 1.0874370934315825,
        "annual_volatility_2020_2021_2_5_bps": 0.4821127676623083,
        "sharpe_ratio_2020_2021_2_5_bps": 1.7756490470687352,
        "downside_risk_2020_2021_2_5_bps": 0.3510933050648543,
        "sortino_ratio_2020_2021_2_5_bps": 2.438277985167263,
        "max_drawdown_2020_2021_2_5_bps": 0.48048779088698207,