{
    "ALL": {
        "performance_sw": 1.0152485457588356,
        "performance_fw": 1.215634216232174,
        "val_loss": 2.8266046346534357,
        "annual_return_2021_2022": 0.06503955988593213,
        "annual_volatility_2021_2022": 0.06408684293031162,
        "sharpe_ratio_2021_2022": 1.0152485457588354,
        "downside_risk_2021_2022": 0.04243608893824958,
        "sortino_ratio_2021_2022": 1.533225038291136,
        "max_drawdown_2021_2022": 0.051682527538382955,
        "calmar_ratio_2021_2022": 1.2584438684356012,
        "perc_pos_return_2021_2022": 0.5198412698412699,
        "profit_loss_ratio_2021_2022": 1.097850233751411,
        "sharpe_ratio_2021": 1.0152485457588354,
        "annual_return_2021_2022_0_5_bps": 0.06460339356252187,
        "annual_volatility_2021_2022_0_5_bps": 0.06408792146793003,
        "sharpe_ratio_2021_2022_0_5_bps": 1.008839564629781,
        "downside_risk_2021_2022_0_5_bps": 0.04245123557243483,
        "sortino_ratio_2021_2022_0_5_bps": 1.5230282445233856,
        "max_drawdown_2021_2022_0_5_bps": 0.051780678338048176,
        "calmar_ratio_2021_2022_0_5_bps": 1.2476351341085392,
        "perc_pos_return_2021_2022_0_5_bps": 0.5198412698412699,
        "profit_loss_ratio_2021_2022_0_5_bps": 1.0966493725510211,
        "sharpe_ratio_2021_0_5_bps": 1.008839564629781,
        "annual_return_2021_2022_1_0_bps": 0.06416740506857899,
        "annual_volatility_2021_2022_1_0_bps": 0.0640890012401931,
        "sharpe_ratio_2021_2022_1_0_bps": 1.0024307798996197,
        "downside_risk_2021_2022_1_0_bps": 0.04246638613697469,
        "sortino_ratio_2021_2022_1_0_bps": 1.5128385845919137,
        "max_drawdown_2021_2022_1_0_bps": 0.05187881919479864,
        "calmar_ratio_2021_2022_1_0_bps": 1.2368709632275592,
        "perc_pos_return_2021_2022_1_0_bps": 0.5198412698412699,
        "profit_loss_ratio_2021_2022_1_0_bps": 1.0954499561223567,
        "sharpe_ratio_2021_1_0_bps": 1.0024307798996197,
        "annual_return_2021_2022_1_5_bps": 0.06373159433191433,
        "annual_volatility_2021_2022_1_5_bps": 0.0640900822470384,
        "sharpe_ratio_2021_2022_1_5_bps": 0.9960221919297761,
        "downside_risk_2021_2022_1_5_bps": 0.04248154062766399,
        "sortino_ratio_2021_2022_1_5_bps": 1.5026560538410734,
        "max_drawdown_2021_2022_1_5_bps": 0.05197695010962224,
        "calmar_ratio_2021_2022_1_5_bps": 1.226151095774202,
        "perc_pos_return_2021_2022_1_5_bps": 0.5198412698412699,
        "profit_loss_ratio_2021_2022_1_5_bps": 1.0942519818596494,
        "sharpe_ratio_2021_1_5_bps": 0.9960221919297761,
        "annual_return_2021_2022_2_0_bps": 0.06329596128038228,
        "annual_volatility_2021_2022_2_0_bps": 0.06409116448840349,
        "sharpe_ratio_2021_2022_2_0_bps": 0.9896138010816019,
        "downside_risk_2021_2022_2_0_bps": 0.042496699040302496,
        "sortino_ratio_2021_2022_2_0_bps": 1.4924806476136996,
        "max_drawdown_2021_2022_2_0_bps": 0.05207507108350088,
        "calmar_ratio_2021_2022_2_0_bps": 1.215475273742575,
        "perc_pos_return_2021_2022_2_0_bps": 0.5198412698412699,
        "profit_loss_ratio_2021_2022_2_0_bps": 1.0930554471633944,
        "sharpe_ratio_2021_2_0_bps": 0.9896138010816019,
        "annual_return_2021_2022_2_5_bps": 0.06286050584186231,
        "annual_volatility_2021_2022_2_5_bps": 0.06409224796422584,
        "sharpe_ratio_2021_2022_2_5_bps": 0.9832056077163789,
        "downside_risk_2021_2022_2_5_bps": 0.042511861394597165,
        "sortino_ratio_2021_2022_2_5_bps": 1.4823123604177022,
        "max_drawdown_2021_2022_2_5_bps": 0.052173182117421585,
        "calmar_ratio_2021_2022_2_5_bps": 1.2048432411193113,
        "perc_pos_return_2021_2022_2_5_bps": 0.5158730158730159,
        "profit_loss_ratio_2021_2022_2_5_bps": 1.1093516230886529,
        "sharpe_ratio_2021_2_5_bps": 0.9832056077163789,
        "annual_return_2021_2022_3_0_bps": 0.062425227944258754,
        "annual_volatility_2021_2022_3_0_bps": 0.0640933326744428,
        "sharpe_ratio_2021_2022_3_0_bps": 0.9767976121953175,
        "downside_risk_2021_2022_3_0_bps": 0.042527027819273824,
        "sortino_ratio_2021_2022_3_0_bps": 1.4721511830098284,
        "max_drawdown_2021_2022_3_0_bps": 0.05227128321237053,
        "calmar_ratio_2021_2022_3_0_bps": 1.1942547438645086,
        "perc_pos_return_2021_2022_3_0_bps": 0.5158730158730159,
        "profit_loss_ratio_2021_2022_3_0_bps": 1.108137496569964,
        "sharpe_ratio_2021_3_0_bps": 0.9767976121953175
    },
    "STOCK": {
        "annual_return_2021_2022": 0.06503955988593213,
        "annual_volatility_2021_2022": 0.06408684293031162,
        "sharpe_ratio_2021_2022": 1.0152485457588354,
        "downside_risk_2021_2022": 0.04243608893824958,
        "sortino_ratio_2021_2022": 1.533225038291136,
        "max_drawdown_2021_2022": 0.051682527538382955,
        "calmar_ratio_2021_2022": 1.2584438684356012,
        "perc_pos_return_2021_2022": 0.5198412698412699,
        "profit_loss_ratio_2021_2022": 1.097850233751411,
        "sharpe_ratio_2021": 1.0152485457588354,
        "annual_return_2021_2022_0_5_bps": 0.06460339356252187,
        "annual_volatility_2021_2022_0_5_bps": 0.06408792146793003,
        "sharpe_ratio_2021_2022_0_5_bps": 1.008839564629781,
        "downside_risk_2021_2022_0_5_bps": 0.04245123557243483,
        "sortino_ratio_2021_2022_0_5_bps": 1.5230282445233856,
        "max_drawdown_2021_2022_0_5_bps": 0.051780678338048176,
        "calmar_ratio_2021_2022_0_5_bps": 1.2476351341085392,
        "perc_pos_return_2021_2022_0_5_bps": 0.5198412698412699,
        "profit_loss_ratio_2021_2022_0_5_bps": 1.0966493725510211,
        "sharpe_ratio_2021_0_5_bps": 1.008839564629781,
        "annual_return_2021_2022_1_0_bps": 0.06416740506857899,
        "annual_volatility_2021_2022_1_0_bps": 0.0640890012401931,
        "sharpe_ratio_2021_2022_1_0_bps": 1.0024307798996197,
        "downside_risk_2021_2022_1_0_bps": 0.04246638613697469,
        "sortino_ratio_2021_2022_1_0_bps": 1.5128385845919137,
        "max_drawdown_2021_2022_1_0_bps": 0.05187881919479864,
        "calmar_ratio_2021_2022_1_0_bps": 1.2368709632275592,
        "perc_pos_return_2021_2022_1_0_bps": 0.5198412698412699,
        "profit_loss_ratio_2021_2022_1_0_bps": 1.0954499561223567,
        "sharpe_ratio_2021_1_0_bps": 1.0024307798996197,
        "annual_return_2021_2022_1_5_bps": 0.06373159433191433,
        "annual_volatility_2021_2022_1_5_bps": 0.0640900822470384,
        "sharpe_ratio_2021_2022_1_5_bps": 0.9960221919297761,
        "downside_risk_2021_2022_1_5_bps": 0.04248154062766399,
        "sortino_ratio_2021_2022_1_5_bps": 1.5026560538410734,
        "max_drawdown_2021_2022_1_5_bps": 0.05197695010962224,
        "calmar_ratio_2021_2022_1_5_bps": 1.226151095774202,
        "perc_pos_return_2021_2022_1_5_bps": 0.5198412698412699,
        "profit_loss_ratio_2021_2022_1_5_bps": 1.0942519818596494,
        "sharpe_ratio_2021_1_5_bps": 0.9960221919297761,
        "annual_return_2021_2022_2_0_bps": 0.06329596128038228,
        "annual_volatility_2021_2022_2_0_bps": 0.06409116448840349,
        "sharpe_ratio_2021_2022_2_0_bps": 0.9896138010816019,
        "downside_risk_2021_2022_2_0_bps": 0.042496699040302496,
        "sortino_ratio_2021_2022_2_0_bps": 1.4924806476136996,
        "max_drawdown_2021_2022_2_0_bps": 0.05207507108350088,
        "calmar_ratio_2021_2022_2_0_bps": 1.215475273742575,
        "perc_pos_return_2021_2022_2_0_bps": 0.5198412698412699,
        "profit_loss_ratio_2021_2022_2_0_bps": 1.0930554471633944,
        "sharpe_ratio_2021_2_0_bps": 0.9896138010816019,
        "annual_return_2021_2022_2_5_bps": 0.06286050584186231,
        "annual_volatility_2021_2022_2_5_bps": 0.06409224796422584,
        "sharpe_ratio_2021_2022_2_5_bps": 0.9832056077163789,
        "downside_risk_2021_2022_2_5_bps": 0.042511861394597165,
        "sortino_ratio_2021_2022_2_5_bps": 1.4823123604177022,