{
    "ALL": {
        "performance_sw": 1.412012026335023,
        "performance_fw": 1.4374395766818189,
        "val_loss": 3.8818709626619796,
        "annual_return_2021_2022": 0.23643171045451372,
        "annual_volatility_2021_2022": 0.15927138414552222,
        "sharpe_ratio_2021_2022": 1.4120120263350235,
        "downside_risk_2021_2022": 0.09753008666546906,
        "sortino_ratio_2021_2022": 2.305884446057066,
        "max_drawdown_2021_2022": 0.08592285464980406,
        "calmar_ratio_2021_2022": 2.7516742945533976,
        "perc_pos_return_2021_2022": 0.5198412698412699,
        "profit_loss_ratio_2021_2022": 1.1808799680918034,
        "sharpe_ratio_2021": 1.4120120263350235,
        "annual_return_2021_2022_0_5_bps": 0.23438057255626266,
        "annual_volatility_2021_2022_0_5_bps": 0.15927081879200936,
        "sharpe_ratio_2021_2022_0_5_bps": 1.401583879603632,
        "downside_risk_2021_2022_0_5_bps": 0.09758462507880153,
        "sortino_ratio_2021_2022_0_5_bps": 2.2875674516337763,
        "max_drawdown_2021_2022_0_5_bps": 0.08600439342227996,
        "calmar_ratio_2021_2022_0_5_bps": 2.7252162736089356,
        "perc_pos_return_2021_2022_0_5_bps": 0.5198412698412699,
        "profit_loss_ratio_2021_2022_0_5_bps": 1.178731246370813,
        "sharpe_ratio_2021_0_5_bps": 1.401583879603632,
        "annual_return_2021_2022_1_0_bps": 0.23233282227794194,
        "annual_volatility_2021_2022_1_0_bps": 0.15927026148784246,
        "sharpe_ratio_2021_2022_1_0_bps": 1.3911555885322207,
        "downside_risk_2021_2022_1_0_bps": 0.09763919069692233,
        "sortino_ratio_2021_2022_1_0_bps": 2.269270287620114,
        "max_drawdown_2021_2022_1_0_bps": 0.08608592547765022,
        "calmar_ratio_2021_2022_1_0_bps": 2.6988479358133937,
        "perc_pos_return_2021_2022_1_0_bps": 0.5198412698412699,
        "profit_loss_ratio_2021_2022_1_0_bps": 1.176586698215268,
        "sharpe_ratio_2021_1_0_bps": 1.3911555885322207,
        "annual_return_2021_2022_1_5_bps": 0.2302884540494592,
        "annual_volatility_2021_2022_1_5_bps": 0.1592697122331061,
        "sharpe_ratio_2021_2022_1_5_bps": 1.3807271546996511,
        "downside_risk_2021_2022_1_5_bps": 0.09769378347424684,
        "sortino_ratio_2021_2022_1_5_bps": 2.250992937123977,
        "max_drawdown_2021_2022_1_5_bps": 0.08616745081642223,
        "calmar_ratio_2021_2022_1_5_bps": 2.6725689557659473,
        "perc_pos_return_2021_2022_1_5_bps": 0.5198412698412699,
        "profit_loss_ratio_2021_2022_1_5_bps": 1.174446311477189,
        "sharpe_ratio_2021_1_5_bps": 1.3807271546996511,
        "annual_return_2021_2022_2_0_bps": 0.22824746230982562,
        "annual_volatility_2021_2022_2_0_bps": 0.15926917102788346,
        "sharpe_ratio_2021_2022_2_0_bps": 1.3702985796848834,
        "downside_risk_2021_2022_2_0_bps": 0.09774840336526952,
        "sortino_ratio_2021_2022_2_0_bps": 2.2327353832220385,
        "max_drawdown_2021_2022_2_0_bps": 0.08624896943910428,
        "calmar_ratio_2021_2022_2_0_bps": 2.646379009444035,
        "perc_pos_return_2021_2022_2_0_bps": 0.5198412698412699,
        "profit_loss_ratio_2021_2022_2_0_bps": 1.1723100740556995,
        "sharpe_ratio_2021_2_0_bps": 1.3702985796848834,
        "annual_return_2021_2022_2_5_bps": 0.2262098415071725,
        "annual_volatility_2021_2022_2_5_bps": 0.15926863787225665,
        "sharpe_ratio_2021_2022_2_5_bps": 1.3598698650669723,
        "downside_risk_2021_2022_2_5_bps": 0.09780305032456398,
        "sortino_ratio_2021_2022_2_5_bps": 2.2144976089600474,
        "max_drawdown_2021_2022_2_5_bps": 0.08633048134620307,
        "calmar_ratio_2021_2022_2_5_bps": 2.6202777741968597,
        "perc_pos_return_2021_2022_2_5_bps": 0.5198412698412699,
        "profit_loss_ratio_2021_2022_2_5_bps": 1.170177973896794,
        "sharpe_ratio_2021_2_5_bps": 1.3598698650669723,
        "annual_return_2021_2022_3_0_bps": 0.2241755860987069,
        "annual_volatility_2021_2022_3_0_bps": 0.15926811276630648,
        "sharpe_ratio_2021_2022_3_0_bps": 1.3494410124250698,
        "downside_risk_2021_2022_3_0_bps": 0.09785772432927901,
        "sortino_ratio_2021_2022_3_0_bps": 2.1962795968482367,
        "max_drawdown_2021_2022_3_0_bps": 0.08641198653822743,
        "calmar_ratio_2021_2022_3_0_bps": 2.5942649287380384,
        "perc_pos_return_2021_2022_3_0_bps": 0.5158730158730159,
        "profit_loss_ratio_2021_2022_3_0_bps": 1.1867619195678736,
        "sharpe_ratio_2021_3_0_bps": 1.3494410124250698
    },
    "STOCK": {
        "annual_return_2021_2022": 0.23643171045451372,
        "annual_volatility_2021_2022": 0.15927138414552222,
        "sharpe_ratio_2021_2022": 1.4120120263350235,
        "downside_risk_2021_2022": 0.09753008666546906,
        "sortino_ratio_2021_2022": 2.305884446057066,
        "max_drawdown_2021_2022": 0.08592285464980406,
        "calmar_ratio_2021_2022": 2.7516742945533976,
        "perc_pos_return_2021_2022": 0.5198412698412699,
        "profit_loss_ratio_2021_2022": 1.1808799680918034,
        "sharpe_ratio_2021": 1.4120120263350235,
        "annual_return_2021_2022_0_5_bps": 0.23438057255626266,
        "annual_volatility_2021_2022_0_5_bps": 0.15927081879200936,
        "sharpe_ratio_2021_2022_0_5_bps": 1.401583879603632,
        "downside_risk_2021_2022_0_5_bps": 0.09758462507880153,
        "sortino_ratio_2021_2022_0_5_bps": 2.2875674516337763,
        "max_drawdown_2021_2022_0_5_bps": 0.08600439342227996,
        "calmar_ratio_2021_2022_0_5_bps": 2.7252162736089356,
        "perc_pos_return_2021_2022_0_5_bps": 0.5198412698412699,
        "profit_loss_ratio_2021_2022_0_5_bps": 1.178731246370813,
        "sharpe_ratio_2021_0_5_bps": 1.401583879603632,
        "annual_return_2021_2022_1_0_bps": 0.23233282227794194,
        "annual_volatility_2021_2022_1_0_bps": 0.15927026148784246,
        "sharpe_ratio_2021_2022_1_0_bps": 1.3911555885322207,
        "downside_risk_2021_2022_1_0_bps": 0.09763919069692233,
        "sortino_ratio_2021_2022_1_0_bps": 2.269270287620114,
        "max_drawdown_2021_2022_1_0_bps": 0.08608592547765022,
        "calmar_ratio_2021_2022_1_0_bps": 2.6988479358133937,
        "perc_pos_return_2021_2022_1_0_bps": 0.5198412698412699,
        "profit_loss_ratio_2021_2022_1_0_bps": 1.176586698215268,
        "sharpe_ratio_2021_1_0_bps": 1.3911555885322207,
        "annual_return_2021_2022_1_5_bps": 0.2302884540494592,
        "annual_volatility_2021_2022_1_5_bps": 0.1592697122331061,
        "sharpe_ratio_2021_2022_1_5_bps": 1.3807271546996511,
        "downside_risk_2021_2022_1_5_bps": 0.09769378347424684,
        "sortino_ratio_2021_2022_1_5_bps": 2.250992937123977,
        "max_drawdown_2021_2022_1_5_bps": 0.08616745081642223,
        "calmar_ratio_2021_2022_1_5_bps": 2.6725689557659473,
        "perc_pos_return_2021_2022_1_5_bps": 0.5198412698412699,
        "profit_loss_ratio_2021_2022_1_5_bps": 1.174446311477189,
        "sharpe_ratio_2021_1_5_bps": 1.3807271546996511,
        "annual_return_2021_2022_2_0_bps": 0.22824746230982562,
        "annual_volatility_2021_2022_2_0_bps": 0.15926917102788346,
        "sharpe_ratio_2021_2022_2_0_bps": 1.3702985796848834,
        "downside_risk_2021_2022_2_0_bps": 0.09774840336526952,
        "sortino_ratio_2021_2022_2_0_bps": 2.2327353832220385,
        "max_drawdown_2021_2022_2_0_bps": 0.08624896943910428,
        "calmar_ratio_2021_2022_2_0_bps": 2.646379009444035,
        "perc_pos_return_2021_2022_2_0_bps": 0.5198412698412699,
        "profit_loss_ratio_2021_2022_2_0_bps": 1.1723100740556995,
        "sharpe_ratio_2021_2_0_bps": 1.3702985796848834,
        "annual_return_2021_2022_2_5_bps": 0.2262098415071725,
        "annual_volatility_2021_2022_2_5_bps": 0.15926863787225665,
        "sharpe_ratio_2021_2022_2_5_bps": 1.3598698650669723,
        "downside_risk_2021_2022_2_5_bps": 0.09780305032456398,
        "sortino_ratio_2021_2022_2_5_bps": 2.2144976089600474,
        "max_drawdown_2021_2022_2_5_bps": 0.08633048134620307,