{
    "ALL": {
        "performance_sw": -0.4988278696317763,
        "performance_fw": 0.044915489551462386,
        "val_loss": 4.276403459354973,
        "annual_return_2022_2023": -0.14381535081349195,
        "annual_volatility_2022_2023": 0.24938792053338088,
        "sharpe_ratio_2022_2023": -0.4988278696317766,
        "downside_risk_2022_2023": 0.1682298800274209,
        "sortino_ratio_2022_2023": -0.7394741355773904,
        "max_drawdown_2022_2023": 0.2501410567799917,
        "calmar_ratio_2022_2023": -0.5749370082016678,
        "perc_pos_return_2022_2023": 0.44223107569721115,
        "profit_loss_ratio_2022_2023": 1.1605648064159815,
        "sharpe_ratio_2022": -0.4988278696317766,
        "annual_return_2022_2023_0_5_bps": -0.14539701963926777,
        "annual_volatility_2022_2023_0_5_bps": 0.24939089332956108,
        "sharpe_ratio_2022_2023_0_5_bps": -0.5062280343766877,
        "downside_risk_2022_2023_0_5_bps": 0.16829581097316718,
        "sortino_ratio_2022_2023_0_5_bps": -0.7501592641649221,
        "max_drawdown_2022_2023_0_5_bps": 0.2512411675382165,
        "calmar_ratio_2022_2023_0_5_bps": -0.5787149497191828,
        "perc_pos_return_2022_2023_0_5_bps": 0.44223107569721115,
        "profit_loss_ratio_2022_2023_0_5_bps": 1.1591371016925807,
        "sharpe_ratio_2022_0_5_bps": -0.5062280343766877,
        "annual_return_2022_2023_1_0_bps": -0.14697577963736752,
        "annual_volatility_2022_2023_1_0_bps": 0.2493938730377572,
        "sharpe_ratio_2022_2023_1_0_bps": -0.513628008465073,
        "downside_risk_2022_2023_1_0_bps": 0.16836176652837787,
        "sortino_ratio_2022_2023_1_0_bps": -0.7608359128863357,
        "max_drawdown_2022_2023_1_0_bps": 0.2523396737139583,
        "calmar_ratio_2022_2023_1_0_bps": -0.5824521268263709,
        "perc_pos_return_2022_2023_1_0_bps": 0.44223107569721115,
        "profit_loss_ratio_2022_2023_1_0_bps": 1.1577112777763037,
        "sharpe_ratio_2022_1_0_bps": -0.513628008465073,
        "annual_return_2022_2023_1_5_bps": -0.14855163613337807,
        "annual_volatility_2022_2023_1_5_bps": 0.2493968596577216,
        "sharpe_ratio_2022_2023_1_5_bps": -0.5210277912890153,
        "downside_risk_2022_2023_1_5_bps": 0.16842774666414212,
        "sortino_ratio_2022_2023_1_5_bps": -0.771504087156108,
        "max_drawdown_2022_2023_1_5_bps": 0.25343657763393496,
        "calmar_ratio_2022_2023_1_5_bps": -0.5861491562119608,
        "perc_pos_return_2022_2023_1_5_bps": 0.44223107569721115,
        "profit_loss_ratio_2022_2023_1_5_bps": 1.1562873309530355,
        "sharpe_ratio_2022_1_5_bps": -0.5210277912890153,
        "annual_return_2022_2023_2_0_bps": -0.15012459444318382,
        "annual_volatility_2022_2023_2_0_bps": 0.24939985318920577,
        "sharpe_ratio_2022_2023_2_0_bps": -0.5284273822406885,
        "downside_risk_2022_2023_2_0_bps": 0.16849375135158362,
        "sortino_ratio_2022_2023_2_0_bps": -0.7821637923948173,
        "max_drawdown_2022_2023_2_0_bps": 0.25453188162151746,
        "calmar_ratio_2022_2023_2_0_bps": -0.5898066422438009,
        "perc_pos_return_2022_2023_2_0_bps": 0.44223107569721115,
        "profit_loss_ratio_2022_2023_2_0_bps": 1.1548652575184335,
        "sharpe_ratio_2022_2_0_bps": -0.5284273822406885,
        "annual_return_2022_2023_2_5_bps": -0.1516946598729867,
        "annual_volatility_2022_2023_2_5_bps": 0.24940285363196094,
        "sharpe_ratio_2022_2023_2_5_bps": -0.5358267807123562,
        "downside_risk_2022_2023_2_5_bps": 0.16855978056186047,
        "sortino_ratio_2022_2023_2_5_bps": -0.7928150340290975,
        "max_drawdown_2022_2023_2_5_bps": 0.2556255879967296,
        "calmar_ratio_2022_2023_2_5_bps": -0.5934251772750052,
        "perc_pos_return_2022_2023_2_5_bps": 0.44223107569721115,
        "profit_loss_ratio_2022_2023_2_5_bps": 1.1534450537778953,
        "sharpe_ratio_2022_2_5_bps": -0.5358267807123562,
        "annual_return_2022_2023_3_0_bps": -0.15326183771930313,
        "annual_volatility_2022_2023_3_0_bps": 0.2494058609857376,
        "sharpe_ratio_2022_2023_3_0_bps": -0.5432259860963767,
        "downside_risk_2022_2023_3_0_bps": 0.1686258342661653,
        "sortino_ratio_2022_2023_3_0_bps": -0.8034578174915985,
        "max_drawdown_2022_2023_3_0_bps": 0.25671769907624126,
        "calmar_ratio_2022_2023_3_0_bps": -0.5970053419409415,
        "perc_pos_return_2022_2023_3_0_bps": 0.44223107569721115,
        "profit_loss_ratio_2022_2023_3_0_bps": 1.1520267160465276,
        "sharpe_ratio_2022_3_0_bps": -0.5432259860963767
    },
    "STOCK": {
        "annual_return_2022_2023": -0.14381535081349195,
        "annual_volatility_2022_2023": 0.24938792053338088,
        "sharpe_ratio_2022_2023": -0.4988278696317766,
        "downside_risk_2022_2023": 0.1682298800274209,
        "sortino_ratio_2022_2023": -0.7394741355773904,
        "max_drawdown_2022_2023": 0.2501410567799917,
        "calmar_ratio_2022_2023": -0.5749370082016678,
        "perc_pos_return_2022_2023": 0.44223107569721115,
        "profit_loss_ratio_2022_2023": 1.1605648064159815,
        "sharpe_ratio_2022": -0.4988278696317766,
        "annual_return_2022_2023_0_5_bps": -0.14539701963926777,
        "annual_volatility_2022_2023_0_5_bps": 0.24939089332956108,
        "sharpe_ratio_2022_2023_0_5_bps": -0.5062280343766877,
        "downside_risk_2022_2023_0_5_bps": 0.16829581097316718,
        "sortino_ratio_2022_2023_0_5_bps": -0.7501592641649221,
        "max_drawdown_2022_2023_0_5_bps": 0.2512411675382165,
        "calmar_ratio_2022_2023_0_5_bps": -0.5787149497191828,
        "perc_pos_return_2022_2023_0_5_bps": 0.44223107569721115,
        "profit_loss_ratio_2022_2023_0_5_bps": 1.1591371016925807,
        "sharpe_ratio_2022_0_5_bps": -0.5062280343766877,
        "annual_return_2022_2023_1_0_bps": -0.14697577963736752,
        "annual_volatility_2022_2023_1_0_bps": 0.2493938730377572,
        "sharpe_ratio_2022_2023_1_0_bps": -0.513628008465073,
        "downside_risk_2022_2023_1_0_bps": 0.16836176652837787,
        "sortino_ratio_2022_2023_1_0_bps": -0.7608359128863357,
        "max_drawdown_2022_2023_1_0_bps": 0.2523396737139583,
        "calmar_ratio_2022_2023_1_0_bps": -0.5824521268263709,
        "perc_pos_return_2022_2023_1_0_bps": 0.44223107569721115,
        "profit_loss_ratio_2022_2023_1_0_bps": 1.1577112777763037,
        "sharpe_ratio_2022_1_0_bps": -0.513628008465073,
        "annual_return_2022_2023_1_5_bps": -0.14855163613337807,
        "annual_volatility_2022_2023_1_5_bps": 0.2493968596577216,
        "sharpe_ratio_2022_2023_1_5_bps": -0.5210277912890153,
        "downside_risk_2022_2023_1_5_bps": 0.16842774666414212,
        "sortino_ratio_2022_2023_1_5_bps": -0.771504087156108,
        "max_drawdown_2022_2023_1_5_bps": 0.25343657763393496,
        "calmar_ratio_2022_2023_1_5_bps": -0.5861491562119608,
        "perc_pos_return_2022_2023_1_5_bps": 0.44223107569721115,
        "profit_loss_ratio_2022_2023_1_5_bps": 1.1562873309530355,
        "sharpe_ratio_2022_1_5_bps": -0.5210277912890153,
        "annual_return_2022_2023_2_0_bps": -0.15012459444318382,
        "annual_volatility_2022_2023_2_0_bps": 0.24939985318920577,
        "sharpe_ratio_2022_2023_2_0_bps": -0.5284273822406885,
        "downside_risk_2022_2023_2_0_bps": 0.16849375135158362,
        "sortino_ratio_2022_2023_2_0_bps": -0.7821637923948173,
        "max_drawdown_2022_2023_2_0_bps": 0.25453188162151746,
        "calmar_ratio_2022_2023_2_0_bps": -0.5898066422438009,
        "perc_pos_return_2022_2023_2_0_bps": 0.44223107569721115,
        "profit_loss_ratio_2022_2023_2_0_bps": 1.1548652575184335,
        "sharpe_ratio_2022_2_0_bps": -0.5284273822406885,
        "annual_return_2022_2023_2_5_bps": -0.1516946598729867,
        "annual_volatility_2022_2023_2_5_bps": 0.24940285363196094,
        "sharpe_ratio_2022_2023_2_5_bps": -0.5358267807123562,
        "downside_risk_2022_2023_2_5_bps": 0.16855978056186047,