{
    "ALL": {
        "performance_sw": 63.01052418343654,
        "performance_fw": 67.03577849411467,
        "val_loss": 122.45259233951633,
        "annual_return_2022_2023": 1715.163840274955,
        "annual_volatility_2022_2023": 0.043834559211595306,
        "sharpe_ratio_2022_2023": 172.4650867747883,
        "downside_risk_2022_2023": 0.0,
        "sortino_ratio_2022_2023": Infinity,
        "max_drawdown_2022_2023": -0.0,
        "calmar_ratio_2022_2023": NaN,
        "perc_pos_return_2022_2023": 1.0,
        "profit_loss_ratio_2022_2023": NaN,
        "sharpe_ratio_2022": 172.4650867747883,
        "annual_return_2022_2023_0_5_bps": 1714.6076452194095,
        "annual_volatility_2022_2023_0_5_bps": 0.04383484189834737,
        "sharpe_ratio_2022_2023_0_5_bps": 172.45635838132944,
        "downside_risk_2022_2023_0_5_bps": 0.0,
        "sortino_ratio_2022_2023_0_5_bps": Infinity,
        "max_drawdown_2022_2023_0_5_bps": -0.0,
        "calmar_ratio_2022_2023_0_5_bps": NaN,
        "perc_pos_return_2022_2023_0_5_bps": 1.0,
        "profit_loss_ratio_2022_2023_0_5_bps": NaN,
        "sharpe_ratio_2022_0_5_bps": 172.45635838132944,
        "annual_return_2022_2023_1_0_bps": 1714.0516296441717,
        "annual_volatility_2022_2023_1_0_bps": 0.04383512547459531,
        "sharpe_ratio_2022_2023_1_0_bps": 172.4476266011652,
        "downside_risk_2022_2023_1_0_bps": 0.0,
        "sortino_ratio_2022_2023_1_0_bps": Infinity,
        "max_drawdown_2022_2023_1_0_bps": -0.0,
        "calmar_ratio_2022_2023_1_0_bps": NaN,
        "perc_pos_return_2022_2023_1_0_bps": 1.0,
        "profit_loss_ratio_2022_2023_1_0_bps": NaN,
        "sharpe_ratio_2022_1_0_bps": 172.44762660116524,
        "annual_return_2022_2023_1_5_bps": 1713.495793491569,
        "annual_volatility_2022_2023_1_5_bps": 0.04383540994032188,
        "sharpe_ratio_2022_2023_1_5_bps": 172.4388914349608,
        "downside_risk_2022_2023_1_5_bps": 0.0,
        "sortino_ratio_2022_2023_1_5_bps": Infinity,
        "max_drawdown_2022_2023_1_5_bps": -0.0,
        "calmar_ratio_2022_2023_1_5_bps": NaN,
        "perc_pos_return_2022_2023_1_5_bps": 1.0,
        "profit_loss_ratio_2022_2023_1_5_bps": NaN,
        "sharpe_ratio_2022_1_5_bps": 172.4388914349608,
        "annual_return_2022_2023_2_0_bps": 1712.9401367039554,
        "annual_volatility_2022_2023_2_0_bps": 0.043835695295509736,
        "sharpe_ratio_2022_2023_2_0_bps": 172.43015288338202,
        "downside_risk_2022_2023_2_0_bps": 0.0,
        "sortino_ratio_2022_2023_2_0_bps": Infinity,
        "max_drawdown_2022_2023_2_0_bps": -0.0,
        "calmar_ratio_2022_2023_2_0_bps": NaN,
        "perc_pos_return_2022_2023_2_0_bps": 1.0,
        "profit_loss_ratio_2022_2023_2_0_bps": NaN,
        "sharpe_ratio_2022_2_0_bps": 172.43015288338202,
        "annual_return_2022_2023_2_5_bps": 1712.3846592237028,
        "annual_volatility_2022_2023_2_5_bps": 0.04383598154014154,
        "sharpe_ratio_2022_2023_2_5_bps": 172.42141094709518,
        "downside_risk_2022_2023_2_5_bps": 0.0,
        "sortino_ratio_2022_2023_2_5_bps": Infinity,
        "max_drawdown_2022_2023_2_5_bps": -0.0,
        "calmar_ratio_2022_2023_2_5_bps": NaN,
        "perc_pos_return_2022_2023_2_5_bps": 1.0,
        "profit_loss_ratio_2022_2023_2_5_bps": NaN,
        "sharpe_ratio_2022_2_5_bps": 172.42141094709515,
        "annual_return_2022_2023_3_0_bps": 1711.8293609932016,
        "annual_volatility_2022_2023_3_0_bps": 0.04383626867419983,
        "sharpe_ratio_2022_2023_3_0_bps": 172.41266562676734,
        "downside_risk_2022_2023_3_0_bps": 0.0,
        "sortino_ratio_2022_2023_3_0_bps": Infinity,
        "max_drawdown_2022_2023_3_0_bps": -0.0,
        "calmar_ratio_2022_2023_3_0_bps": NaN,
        "perc_pos_return_2022_2023_3_0_bps": 1.0,
        "profit_loss_ratio_2022_2023_3_0_bps": NaN,
        "sharpe_ratio_2022_3_0_bps": 172.4126656267673
    },
    "STOCK": {
        "annual_return_2022_2023": 1715.163840274955,
        "annual_volatility_2022_2023": 0.043834559211595306,
        "sharpe_ratio_2022_2023": 172.4650867747883,
        "downside_risk_2022_2023": 0.0,
        "sortino_ratio_2022_2023": Infinity,
        "max_drawdown_2022_2023": -0.0,
        "calmar_ratio_2022_2023": NaN,
        "perc_pos_return_2022_2023": 1.0,
        "profit_loss_ratio_2022_2023": NaN,
        "sharpe_ratio_2022": 172.4650867747883,
        "annual_return_2022_2023_0_5_bps": 1714.6076452194095,
        "annual_volatility_2022_2023_0_5_bps": 0.04383484189834737,
        "sharpe_ratio_2022_2023_0_5_bps": 172.45635838132944,
        "downside_risk_2022_2023_0_5_bps": 0.0,
        "sortino_ratio_2022_2023_0_5_bps": Infinity,
        "max_drawdown_2022_2023_0_5_bps": -0.0,
        "calmar_ratio_2022_2023_0_5_bps": NaN,
        "perc_pos_return_2022_2023_0_5_bps": 1.0,
        "profit_loss_ratio_2022_2023_0_5_bps": NaN,
        "sharpe_ratio_2022_0_5_bps": 172.45635838132944,
        "annual_return_2022_2023_1_0_bps": 1714.0516296441717,
        "annual_volatility_2022_2023_1_0_bps": 0.04383512547459531,
        "sharpe_ratio_2022_2023_1_0_bps": 172.4476266011652,
        "downside_risk_2022_2023_1_0_bps": 0.0,
        "sortino_ratio_2022_2023_1_0_bps": Infinity,
        "max_drawdown_2022_2023_1_0_bps": -0.0,
        "calmar_ratio_2022_2023_1_0_bps": NaN,
        "perc_pos_return_2022_2023_1_0_bps": 1.0,
        "profit_loss_ratio_2022_2023_1_0_bps": NaN,
        "sharpe_ratio_2022_1_0_bps": 172.44762660116524,
        "annual_return_2022_2023_1_5_bps": 1713.495793491569,
        "annual_volatility_2022_2023_1_5_bps": 0.04383540994032188,
        "sharpe_ratio_2022_2023_1_5_bps": 172.4388914349608,
        "downside_risk_2022_2023_1_5_bps": 0.0,
        "sortino_ratio_2022_2023_1_5_bps": Infinity,
        "max_drawdown_2022_2023_1_5_bps": -0.0,
        "calmar_ratio_2022_2023_1_5_bps": NaN,
        "perc_pos_return_2022_2023_1_5_bps": 1.0,
        "profit_loss_ratio_2022_2023_1_5_bps": NaN,
        "sharpe_ratio_2022_1_5_bps": 172.4388914349608,
        "annual_return_2022_2023_2_0_bps": 1712.9401367039554,
        "annual_volatility_2022_2023_2_0_bps": 0.043835695295509736,
        "sharpe_ratio_2022_2023_2_0_bps": 172.43015288338202,
        "downside_risk_2022_2023_2_0_bps": 0.0,
        "sortino_ratio_2022_2023_2_0_bps": Infinity,
        "max_drawdown_2022_2023_2_0_bps": -0.0,
        "calmar_ratio_2022_2023_2_0_bps": NaN,
        "perc_pos_return_2022_2023_2_0_bps": 1.0,
        "profit_loss_ratio_2022_2023_2_0_bps": NaN,
        "sharpe_ratio_2022_2_0_bps": 172.43015288338202,
        "annual_return_2022_2023_2_5_bps": 1712.3846592237028,
        "annual_volatility_2022_2023_2_5_bps": 0.04383598154014154,
        "sharpe_ratio_2022_2023_2_5_bps": 172.42141094709518,
        "downside_risk_2022_2023_2_5_bps": 0.0,
        "sortino_ratio_2022_2023_2_5_bps": Infinity,
        "max_drawdown_2022_2023_2_5_bps": -0.0,
        "calmar_ratio_2022_2023_2_5_bps": NaN,
        "perc_pos_return_2022_2023_2_5_bps": 1.0,
        "profit_loss_ratio_2022_2023_2_5_bps": NaN,
        "sharpe_ratio_2022_2_5_bps": 172.42141094709515,
        "annual_return_2022_2023_3_0_bps": 1711.8293609932016,
        "annual_volatility_2022_2023_3_0_bps": 0.04383626867419983,
        "sharpe_ratio_2022_2023_3_0_bps": 172.41266562676734,
        "downside_risk_2022_2023_3_0_bps": 0.0,
        "sortino_ratio_2022_2023_3_0_bps": Infinity,
        "max_drawdown_2022_2023_3_0_bps": -0.0,
        "calmar_ratio_2022_2023_3_0_bps": NaN,
        "perc_pos_return_2022_2023_3_0_bps": 1.0,
        "profit_loss_ratio_2022_2023_3_0_bps": NaN,
        "sharpe_ratio_2022_3_0_bps": 172.4126656267673
    }
}