{
    "ALL": {
        "performance_sw": 34.801452130945584,
        "performance_fw": 30.47931078572896,
        "val_loss": 91.04423773821641,
        "annual_return_2020_2021": 1234.943892526683,
        "annual_volatility_2020_2021": 0.06610908130936785,
        "sharpe_ratio_2020_2021": 109.26237250619657,
        "downside_risk_2020_2021": 0.0,
        "sortino_ratio_2020_2021": Infinity,
        "max_drawdown_2020_2021": -0.0,
        "calmar_ratio_2020_2021": NaN,
        "perc_pos_return_2020_2021": 1.0,
        "profit_loss_ratio_2020_2021": NaN,
        "sharpe_ratio_2020": 109.2623725061966,
        "annual_return_2020_2021_0_5_bps": 1234.5637200313301,
        "annual_volatility_2020_2021_0_5_bps": 0.06611025219538531,
        "sharpe_ratio_2020_2021_0_5_bps": 109.25565172998097,
        "downside_risk_2020_2021_0_5_bps": 0.0,
        "sortino_ratio_2020_2021_0_5_bps": Infinity,
        "max_drawdown_2020_2021_0_5_bps": -0.0,
        "calmar_ratio_2020_2021_0_5_bps": NaN,
        "perc_pos_return_2020_2021_0_5_bps": 1.0,
        "profit_loss_ratio_2020_2021_0_5_bps": NaN,
        "sharpe_ratio_2020_0_5_bps": 109.25565172998097,
        "annual_return_2020_2021_1_0_bps": 1234.1836637842953,
        "annual_volatility_2020_2021_1_0_bps": 0.06611142601711699,
        "sharpe_ratio_2020_2021_1_0_bps": 109.24892634056714,
        "downside_risk_2020_2021_1_0_bps": 0.0,
        "sortino_ratio_2020_2021_1_0_bps": Infinity,
        "max_drawdown_2020_2021_1_0_bps": -0.0,
        "calmar_ratio_2020_2021_1_0_bps": NaN,
        "perc_pos_return_2020_2021_1_0_bps": 1.0,
        "profit_loss_ratio_2020_2021_1_0_bps": NaN,
        "sharpe_ratio_2020_1_0_bps": 109.24892634056714,
        "annual_return_2020_2021_1_5_bps": 1233.8037237502444,
        "annual_volatility_2020_2021_1_5_bps": 0.06611260277440655,
        "sharpe_ratio_2020_2021_1_5_bps": 109.24219633935505,
        "downside_risk_2020_2021_1_5_bps": 0.0,
        "sortino_ratio_2020_2021_1_5_bps": Infinity,
        "max_drawdown_2020_2021_1_5_bps": -0.0,
        "calmar_ratio_2020_2021_1_5_bps": NaN,
        "perc_pos_return_2020_2021_1_5_bps": 1.0,
        "profit_loss_ratio_2020_2021_1_5_bps": NaN,
        "sharpe_ratio_2020_1_5_bps": 109.24219633935502,
        "annual_return_2020_2021_2_0_bps": 1233.4238998938465,
        "annual_volatility_2020_2021_2_0_bps": 0.0661137824670972,
        "sharpe_ratio_2020_2021_2_0_bps": 109.23546172774641,
        "downside_risk_2020_2021_2_0_bps": 0.0,
        "sortino_ratio_2020_2021_2_0_bps": Infinity,
        "max_drawdown_2020_2021_2_0_bps": -0.0,
        "calmar_ratio_2020_2021_2_0_bps": NaN,
        "perc_pos_return_2020_2021_2_0_bps": 1.0,
        "profit_loss_ratio_2020_2021_2_0_bps": NaN,
        "sharpe_ratio_2020_2_0_bps": 109.23546172774638,
        "annual_return_2020_2021_2_5_bps": 1233.04419217979,
        "annual_volatility_2020_2021_2_5_bps": 0.06611496509503184,
        "sharpe_ratio_2020_2021_2_5_bps": 109.22872250714467,
        "downside_risk_2020_2021_2_5_bps": 0.0,
        "sortino_ratio_2020_2021_2_5_bps": Infinity,
        "max_drawdown_2020_2021_2_5_bps": -0.0,
        "calmar_ratio_2020_2021_2_5_bps": NaN,
        "perc_pos_return_2020_2021_2_5_bps": 1.0,
        "profit_loss_ratio_2020_2021_2_5_bps": NaN,
        "sharpe_ratio_2020_2_5_bps": 109.22872250714467,
        "annual_return_2020_2021_3_0_bps": 1232.664600572772,
        "annual_volatility_2020_2021_3_0_bps": 0.06611615065805297,
        "sharpe_ratio_2020_2021_3_0_bps": 109.22197867895486,
        "downside_risk_2020_2021_3_0_bps": 0.0,
        "sortino_ratio_2020_2021_3_0_bps": Infinity,
        "max_drawdown_2020_2021_3_0_bps": -0.0,
        "calmar_ratio_2020_2021_3_0_bps": NaN,
        "perc_pos_return_2020_2021_3_0_bps": 1.0,
        "profit_loss_ratio_2020_2021_3_0_bps": NaN,
        "sharpe_ratio_2020_3_0_bps": 109.22197867895484
    },
    "STOCK": {
        "annual_return_2020_2021": 1234.943892526683,
        "annual_volatility_2020_2021": 0.06610908130936785,
        "sharpe_ratio_2020_2021": 109.26237250619657,
        "downside_risk_2020_2021": 0.0,
        "sortino_ratio_2020_2021": Infinity,
        "max_drawdown_2020_2021": -0.0,
        "calmar_ratio_2020_2021": NaN,
        "perc_pos_return_2020_2021": 1.0,
        "profit_loss_ratio_2020_2021": NaN,
        "sharpe_ratio_2020": 109.2623725061966,
        "annual_return_2020_2021_0_5_bps": 1234.5637200313301,
        "annual_volatility_2020_2021_0_5_bps": 0.06611025219538531,
        "sharpe_ratio_2020_2021_0_5_bps": 109.25565172998097,
        "downside_risk_2020_2021_0_5_bps": 0.0,
        "sortino_ratio_2020_2021_0_5_bps": Infinity,
        "max_drawdown_2020_2021_0_5_bps": -0.0,
        "calmar_ratio_2020_2021_0_5_bps": NaN,
        "perc_pos_return_2020_2021_0_5_bps": 1.0,
        "profit_loss_ratio_2020_2021_0_5_bps": NaN,
        "sharpe_ratio_2020_0_5_bps": 109.25565172998097,
        "annual_return_2020_2021_1_0_bps": 1234.1836637842953,
        "annual_volatility_2020_2021_1_0_bps": 0.06611142601711699,
        "sharpe_ratio_2020_2021_1_0_bps": 109.24892634056714,
        "downside_risk_2020_2021_1_0_bps": 0.0,
        "sortino_ratio_2020_2021_1_0_bps": Infinity,
        "max_drawdown_2020_2021_1_0_bps": -0.0,
        "calmar_ratio_2020_2021_1_0_bps": NaN,
        "perc_pos_return_2020_2021_1_0_bps": 1.0,
        "profit_loss_ratio_2020_2021_1_0_bps": NaN,
        "sharpe_ratio_2020_1_0_bps": 109.24892634056714,
        "annual_return_2020_2021_1_5_bps": 1233.8037237502444,
        "annual_volatility_2020_2021_1_5_bps": 0.06611260277440655,
        "sharpe_ratio_2020_2021_1_5_bps": 109.24219633935505,
        "downside_risk_2020_2021_1_5_bps": 0.0,
        "sortino_ratio_2020_2021_1_5_bps": Infinity,
        "max_drawdown_2020_2021_1_5_bps": -0.0,
        "calmar_ratio_2020_2021_1_5_bps": NaN,
        "perc_pos_return_2020_2021_1_5_bps": 1.0,
        "profit_loss_ratio_2020_2021_1_5_bps": NaN,
        "sharpe_ratio_2020_1_5_bps": 109.24219633935502,
        "annual_return_2020_2021_2_0_bps": 1233.4238998938465,
        "annual_volatility_2020_2021_2_0_bps": 0.0661137824670972,
        "sharpe_ratio_2020_2021_2_0_bps": 109.23546172774641,
        "downside_risk_2020_2021_2_0_bps": 0.0,
        "sortino_ratio_2020_2021_2_0_bps": Infinity,
        "max_drawdown_2020_2021_2_0_bps": -0.0,
        "calmar_ratio_2020_2021_2_0_bps": NaN,
        "perc_pos_return_2020_2021_2_0_bps": 1.0,
        "profit_loss_ratio_2020_2021_2_0_bps": NaN,
        "sharpe_ratio_2020_2_0_bps": 109.23546172774638,
        "annual_return_2020_2021_2_5_bps": 1233.04419217979,
        "annual_volatility_2020_2021_2_5_bps": 0.06611496509503184,
        "sharpe_ratio_2020_2021_2_5_bps": 109.22872250714467,
        "downside_risk_2020_2021_2_5_bps": 0.0,
        "sortino_ratio_2020_2021_2_5_bps": Infinity,
        "max_drawdown_2020_2021_2_5_bps": -0.0,
        "calmar_ratio_2020_2021_2_5_bps": NaN,
        "perc_pos_return_2020_2021_2_5_bps": 1.0,
        "profit_loss_ratio_2020_2021_2_5_bps": NaN,
        "sharpe_ratio_2020_2_5_bps": 109.22872250714467,
        "annual_return_2020_2021_3_0_bps": 1232.664600572772,
        "annual_volatility_2020_2021_3_0_bps": 0.06611615065805297,
        "sharpe_ratio_2020_2021_3_0_bps": 109.22197867895486,
        "downside_risk_2020_2021_3_0_bps": 0.0,
        "sortino_ratio_2020_2021_3_0_bps": Infinity,
        "max_drawdown_2020_2021_3_0_bps": -0.0,
        "calmar_ratio_2020_2021_3_0_bps": NaN,
        "perc_pos_return_2020_2021_3_0_bps": 1.0,
        "profit_loss_ratio_2020_2021_3_0_bps": NaN,
        "sharpe_ratio_2020_3_0_bps": 109.22197867895484
    }
}