{
    "ALL": {
        "performance_sw": 0.9650938191955075,
        "performance_fw": 0.5243837205108186,
        "val_loss": 5.934086140240524,
        "annual_return_2020_2021": 0.17590509353364703,
        "annual_volatility_2020_2021": 0.18598999240762654,
        "sharpe_ratio_2020_2021": 0.9650938191955073,
        "downside_risk_2020_2021": 0.13608956237927722,
        "sortino_ratio_2020_2021": 1.3189681042883006,
        "max_drawdown_2020_2021": 0.17194332653705274,
        "calmar_ratio_2020_2021": 1.0230411210274017,
        "perc_pos_return_2020_2021": 0.5810276679841897,
        "profit_loss_ratio_2020_2021": 0.9013957793019083,
        "sharpe_ratio_2020": 0.9650938191955073,
        "annual_return_2020_2021_0_5_bps": 0.1751060487873044,
        "annual_volatility_2020_2021_0_5_bps": 0.1859917217393359,
        "sharpe_ratio_2020_2021_0_5_bps": 0.9614298948295227,
        "downside_risk_2020_2021_0_5_bps": 0.13610617245389442,
        "sortino_ratio_2020_2021_0_5_bps": 1.3138125791582718,
        "max_drawdown_2020_2021_0_5_bps": 0.17214197008031917,
        "calmar_ratio_2020_2021_0_5_bps": 1.017218803209945,
        "perc_pos_return_2020_2021_0_5_bps": 0.5810276679841897,
        "profit_loss_ratio_2020_2021_0_5_bps": 0.9006403972906946,
        "sharpe_ratio_2020_0_5_bps": 0.9614298948295227,
        "annual_return_2020_2021_1_0_bps": 0.17430754384376201,
        "annual_volatility_2020_2021_1_0_bps": 0.18599345568803252,
        "sharpe_ratio_2020_2021_1_0_bps": 0.9577660148214849,
        "downside_risk_2020_2021_1_0_bps": 0.13612278874325207,
        "sortino_ratio_2020_2021_1_0_bps": 1.3086582524635064,
        "max_drawdown_2020_2021_1_0_bps": 0.17234056714774965,
        "calmar_ratio_2020_2021_1_0_bps": 1.0114133121908904,
        "perc_pos_return_2020_2021_1_0_bps": 0.5810276679841897,
        "profit_loss_ratio_2020_2021_1_0_bps": 0.8998856250216852,
        "sharpe_ratio_2020_1_0_bps": 0.9577660148214849,
        "annual_return_2020_2021_1_5_bps": 0.1735095783404752,
        "annual_volatility_2020_2021_1_5_bps": 0.18599519425358735,
        "sharpe_ratio_2020_2021_1_5_bps": 0.9541021794436636,
        "downside_risk_2020_2021_1_5_bps": 0.13613941124507464,
        "sortino_ratio_2020_2021_1_5_bps": 1.3035051244928566,
        "max_drawdown_2020_2021_1_5_bps": 0.17253911774994607,
        "calmar_ratio_2020_2021_1_5_bps": 1.0056245830115786,
        "perc_pos_return_2020_2021_1_5_bps": 0.5810276679841897,
        "profit_loss_ratio_2020_2021_1_5_bps": 0.8991314617569058,
        "sharpe_ratio_2020_1_5_bps": 0.9541021794436636,
        "annual_return_2020_2021_2_0_bps": 0.17271215191514644,
        "annual_volatility_2020_2021_2_0_bps": 0.18599693743587087,
        "sharpe_ratio_2020_2021_2_0_bps": 0.9504383889683018,
        "downside_risk_2020_2021_2_0_bps": 0.1361560399570868,
        "sortino_ratio_2020_2021_2_0_bps": 1.2983531955343561,
        "max_drawdown_2020_2021_2_0_bps": 0.172737621897506,
        "calmar_ratio_2020_2021_2_0_bps": 0.9998525510419805,
        "perc_pos_return_2020_2021_2_0_bps": 0.5810276679841897,
        "profit_loss_ratio_2020_2021_2_0_bps": 0.8983779067595706,
        "sharpe_ratio_2020_2_0_bps": 0.9504383889683018,
        "annual_return_2020_2021_2_5_bps": 0.17191526420570757,
        "annual_volatility_2020_2021_2_5_bps": 0.18599868523475332,
        "sharpe_ratio_2020_2021_2_5_bps": 0.9467746436676173,
        "downside_risk_2020_2021_2_5_bps": 0.13617267487701346,
        "sortino_ratio_2020_2021_2_5_bps": 1.2932024658752235,
        "max_drawdown_2020_2021_2_5_bps": 0.1729360796010262,
        "calmar_ratio_2020_2021_2_5_bps": 0.9940971519785016,
        "perc_pos_return_2020_2021_2_5_bps": 0.5810276679841897,
        "profit_loss_ratio_2020_2021_2_5_bps": 0.8976249592940829,
        "sharpe_ratio_2020_2_5_bps": 0.9467746436676173,
        "annual_return_2020_2021_3_0_bps": 0.17111891485035025,
        "annual_volatility_2020_2021_3_0_bps": 0.1860004376501046,
        "sharpe_ratio_2020_2021_3_0_bps": 0.9431109438138038,
        "downside_risk_2020_2021_3_0_bps": 0.13618931600257983,
        "sortino_ratio_2020_2021_3_0_bps": 1.2880529358018635,
        "max_drawdown_2020_2021_3_0_bps": 0.17313449087110017,
        "calmar_ratio_2020_2021_3_0_bps": 0.988358321842119,
        "perc_pos_return_2020_2021_3_0_bps": 0.5810276679841897,
        "profit_loss_ratio_2020_2021_3_0_bps": 0.8968726186260315,
        "sharpe_ratio_2020_3_0_bps": 0.9431109438138038
    },
    "STOCK": {
        "annual_return_2020_2021": 0.17590509353364703,
        "annual_volatility_2020_2021": 0.18598999240762654,
        "sharpe_ratio_2020_2021": 0.9650938191955073,
        "downside_risk_2020_2021": 0.13608956237927722,
        "sortino_ratio_2020_2021": 1.3189681042883006,
        "max_drawdown_2020_2021": 0.17194332653705274,
        "calmar_ratio_2020_2021": 1.0230411210274017,
        "perc_pos_return_2020_2021": 0.5810276679841897,
        "profit_loss_ratio_2020_2021": 0.9013957793019083,
        "sharpe_ratio_2020": 0.9650938191955073,
        "annual_return_2020_2021_0_5_bps": 0.1751060487873044,
        "annual_volatility_2020_2021_0_5_bps": 0.1859917217393359,
        "sharpe_ratio_2020_2021_0_5_bps": 0.9614298948295227,
        "downside_risk_2020_2021_0_5_bps": 0.13610617245389442,
        "sortino_ratio_2020_2021_0_5_bps": 1.3138125791582718,
        "max_drawdown_2020_2021_0_5_bps": 0.17214197008031917,
        "calmar_ratio_2020_2021_0_5_bps": 1.017218803209945,
        "perc_pos_return_2020_2021_0_5_bps": 0.5810276679841897,
        "profit_loss_ratio_2020_2021_0_5_bps": 0.9006403972906946,
        "sharpe_ratio_2020_0_5_bps": 0.9614298948295227,
        "annual_return_2020_2021_1_0_bps": 0.17430754384376201,
        "annual_volatility_2020_2021_1_0_bps": 0.18599345568803252,
        "sharpe_ratio_2020_2021_1_0_bps": 0.9577660148214849,
        "downside_risk_2020_2021_1_0_bps": 0.13612278874325207,
        "sortino_ratio_2020_2021_1_0_bps": 1.3086582524635064,
        "max_drawdown_2020_2021_1_0_bps": 0.17234056714774965,
        "calmar_ratio_2020_2021_1_0_bps": 1.0114133121908904,
        "perc_pos_return_2020_2021_1_0_bps": 0.5810276679841897,
        "profit_loss_ratio_2020_2021_1_0_bps": 0.8998856250216852,
        "sharpe_ratio_2020_1_0_bps": 0.9577660148214849,
        "annual_return_2020_2021_1_5_bps": 0.1735095783404752,
        "annual_volatility_2020_2021_1_5_bps": 0.18599519425358735,
        "sharpe_ratio_2020_2021_1_5_bps": 0.9541021794436636,
        "downside_risk_2020_2021_1_5_bps": 0.13613941124507464,
        "sortino_ratio_2020_2021_1_5_bps": 1.3035051244928566,
        "max_drawdown_2020_2021_1_5_bps": 0.17253911774994607,
        "calmar_ratio_2020_2021_1_5_bps": 1.0056245830115786,
        "perc_pos_return_2020_2021_1_5_bps": 0.5810276679841897,
        "profit_loss_ratio_2020_2021_1_5_bps": 0.8991314617569058,
        "sharpe_ratio_2020_1_5_bps": 0.9541021794436636,
        "annual_return_2020_2021_2_0_bps": 0.17271215191514644,
        "annual_volatility_2020_2021_2_0_bps": 0.18599693743587087,
        "sharpe_ratio_2020_2021_2_0_bps": 0.9504383889683018,
        "downside_risk_2020_2021_2_0_bps": 0.1361560399570868,
        "sortino_ratio_2020_2021_2_0_bps": 1.2983531955343561,
        "max_drawdown_2020_2021_2_0_bps": 0.172737621897506,
        "calmar_ratio_2020_2021_2_0_bps": 0.9998525510419805,
        "perc_pos_return_2020_2021_2_0_bps": 0.5810276679841897,
        "profit_loss_ratio_2020_2021_2_0_bps": 0.8983779067595706,
        "sharpe_ratio_2020_2_0_bps": 0.9504383889683018,
        "annual_return_2020_2021_2_5_bps": 0.17191526420570757,
        "annual_volatility_2020_2021_2_5_bps": 0.18599868523475332,
        "sharpe_ratio_2020_2021_2_5_bps": 0.9467746436676173,
        "downside_risk_2020_2021_2_5_bps": 0.13617267487701346,
        "sortino_ratio_2020_2021_2_5_bps": 1.2932024658752235,
        "max_drawdown_2020_2021_2_5_bps": 0.1729360796010262,