{
    "ALL": {
        "performance_sw": 20.332691731307207,
        "performance_fw": 19.584528791950873,
        "val_loss": 45.53299115881085,
        "annual_return_2020_2021": 87.02012551155057,
        "annual_volatility_2020_2021": 0.11041018129909579,
        "sharpe_ratio_2020_2021": 40.97080190040345,
        "downside_risk_2020_2021": 0.020245866008937283,
        "sortino_ratio_2020_2021": 223.43295484599176,
        "max_drawdown_2020_2021": 0.016961132989390868,
        "calmar_ratio_2020_2021": 5130.560886821733,
        "perc_pos_return_2020_2021": 0.9723320158102767,
        "profit_loss_ratio_2020_2021": 3.300612855557281,
        "sharpe_ratio_2020": 40.970801900403444,
        "annual_return_2020_2021_0_5_bps": 87.00142757080502,
        "annual_volatility_2020_2021_0_5_bps": 0.11040991313511822,
        "sharpe_ratio_2020_2021_0_5_bps": 40.96894249758928,
        "downside_risk_2020_2021_0_5_bps": 0.020247645038534285,
        "sortino_ratio_2020_2021_0_5_bps": 223.4026413337366,
        "max_drawdown_2020_2021_0_5_bps": 0.016962290001997532,
        "calmar_ratio_2020_2021_0_5_bps": 5129.108602703966,
        "perc_pos_return_2020_2021_0_5_bps": 0.9723320158102767,
        "profit_loss_ratio_2020_2021_0_5_bps": 3.300027553391264,
        "sharpe_ratio_2020_0_5_bps": 40.968942497589296,
        "annual_return_2020_2021_1_0_bps": 86.9827335822592,
        "annual_volatility_2020_2021_1_0_bps": 0.11040964539819301,
        "sharpe_ratio_2020_2021_1_0_bps": 40.96708292728669,
        "downside_risk_2020_2021_1_0_bps": 0.02024942428767179,
        "sortino_ratio_2020_2021_1_0_bps": 223.37233072615652,
        "max_drawdown_2020_2021_1_0_bps": 0.016963447013928032,
        "calmar_ratio_2020_2021_1_0_bps": 5127.656749883501,
        "perc_pos_return_2020_2021_1_0_bps": 0.9723320158102767,
        "profit_loss_ratio_2020_2021_1_0_bps": 3.299442404633251,
        "sharpe_ratio_2020_1_0_bps": 40.96708292728668,
        "annual_return_2020_2021_1_5_bps": 86.96404354508259,
        "annual_volatility_2020_2021_1_5_bps": 0.1104093780883233,
        "sharpe_ratio_2020_2021_1_5_bps": 40.96522318951483,
        "downside_risk_2020_2021_1_5_bps": 0.020251203756291924,
        "sortino_ratio_2020_2021_1_5_bps": 223.34202302410992,
        "max_drawdown_2020_2021_1_5_bps": 0.016964604025182087,
        "calmar_ratio_2020_2021_1_5_bps": 5126.205328223048,
        "perc_pos_return_2020_2021_1_5_bps": 0.9723320158102767,
        "profit_loss_ratio_2020_2021_1_5_bps": 3.298857409222936,
        "sharpe_ratio_2020_1_5_bps": 40.96522318951484,
        "annual_return_2020_2021_2_0_bps": 86.94535745844337,
        "annual_volatility_2020_2021_2_0_bps": 0.11040911120551214,
        "sharpe_ratio_2020_2021_2_0_bps": 40.96336328429296,
        "downside_risk_2020_2021_2_0_bps": 0.020252983444336844,
        "sortino_ratio_2020_2021_2_0_bps": 223.31171822845405,
        "max_drawdown_2020_2021_2_0_bps": 0.0169657610357595,
        "calmar_ratio_2020_2021_2_0_bps": 5124.754337585253,
        "perc_pos_return_2020_2021_2_0_bps": 0.9723320158102767,
        "profit_loss_ratio_2020_2021_2_0_bps": 3.298272567100047,
        "sharpe_ratio_2020_2_0_bps": 40.96336328429297,
        "annual_return_2020_2021_2_5_bps": 86.92667532151108,
        "annual_volatility_2020_2021_2_5_bps": 0.11040884474976267,
        "sharpe_ratio_2020_2021_2_5_bps": 40.96150321164029,
        "downside_risk_2020_2021_2_5_bps": 0.0202547633517487,
        "sortino_ratio_2020_2021_2_5_bps": 223.28141634004552,
        "max_drawdown_2020_2021_2_5_bps": 0.01696691804566072,
        "calmar_ratio_2020_2021_2_5_bps": 5123.3037778326825,
        "perc_pos_return_2020_2021_2_5_bps": 0.9723320158102767,
        "profit_loss_ratio_2020_2021_2_5_bps": 3.29768787820434,
        "sharpe_ratio_2020_2_5_bps": 40.96150321164029,
        "annual_return_2020_2021_3_0_bps": 86.90799713345484,
        "annual_volatility_2020_2021_3_0_bps": 0.11040857872107797,
        "sharpe_ratio_2020_2021_3_0_bps": 40.959642971576045,
        "downside_risk_2020_2021_3_0_bps": 0.020256543478469675,
        "sortino_ratio_2020_2021_3_0_bps": 223.2511173597396,
        "max_drawdown_2020_2021_3_0_bps": 0.016968075054885477,
        "calmar_ratio_2020_2021_3_0_bps": 5121.853648828135,
        "perc_pos_return_2020_2021_3_0_bps": 0.9723320158102767,
        "profit_loss_ratio_2020_2021_3_0_bps": 3.29710334247561,
        "sharpe_ratio_2020_3_0_bps": 40.95964297157604
    },
    "STOCK": {
        "annual_return_2020_2021": 87.02012551155057,
        "annual_volatility_2020_2021": 0.11041018129909579,
        "sharpe_ratio_2020_2021": 40.97080190040345,
        "downside_risk_2020_2021": 0.020245866008937283,
        "sortino_ratio_2020_2021": 223.43295484599176,
        "max_drawdown_2020_2021": 0.016961132989390868,
        "calmar_ratio_2020_2021": 5130.560886821733,
        "perc_pos_return_2020_2021": 0.9723320158102767,
        "profit_loss_ratio_2020_2021": 3.300612855557281,
        "sharpe_ratio_2020": 40.970801900403444,
        "annual_return_2020_2021_0_5_bps": 87.00142757080502,
        "annual_volatility_2020_2021_0_5_bps": 0.11040991313511822,
        "sharpe_ratio_2020_2021_0_5_bps": 40.96894249758928,
        "downside_risk_2020_2021_0_5_bps": 0.020247645038534285,
        "sortino_ratio_2020_2021_0_5_bps": 223.4026413337366,
        "max_drawdown_2020_2021_0_5_bps": 0.016962290001997532,
        "calmar_ratio_2020_2021_0_5_bps": 5129.108602703966,
        "perc_pos_return_2020_2021_0_5_bps": 0.9723320158102767,
        "profit_loss_ratio_2020_2021_0_5_bps": 3.300027553391264,
        "sharpe_ratio_2020_0_5_bps": 40.968942497589296,
        "annual_return_2020_2021_1_0_bps": 86.9827335822592,
        "annual_volatility_2020_2021_1_0_bps": 0.11040964539819301,
        "sharpe_ratio_2020_2021_1_0_bps": 40.96708292728669,
        "downside_risk_2020_2021_1_0_bps": 0.02024942428767179,
        "sortino_ratio_2020_2021_1_0_bps": 223.37233072615652,
        "max_drawdown_2020_2021_1_0_bps": 0.016963447013928032,
        "calmar_ratio_2020_2021_1_0_bps": 5127.656749883501,
        "perc_pos_return_2020_2021_1_0_bps": 0.9723320158102767,
        "profit_loss_ratio_2020_2021_1_0_bps": 3.299442404633251,
        "sharpe_ratio_2020_1_0_bps": 40.96708292728668,
        "annual_return_2020_2021_1_5_bps": 86.96404354508259,
        "annual_volatility_2020_2021_1_5_bps": 0.1104093780883233,
        "sharpe_ratio_2020_2021_1_5_bps": 40.96522318951483,
        "downside_risk_2020_2021_1_5_bps": 0.020251203756291924,
        "sortino_ratio_2020_2021_1_5_bps": 223.34202302410992,
        "max_drawdown_2020_2021_1_5_bps": 0.016964604025182087,
        "calmar_ratio_2020_2021_1_5_bps": 5126.205328223048,
        "perc_pos_return_2020_2021_1_5_bps": 0.9723320158102767,
        "profit_loss_ratio_2020_2021_1_5_bps": 3.298857409222936,
        "sharpe_ratio_2020_1_5_bps": 40.96522318951484,
        "annual_return_2020_2021_2_0_bps": 86.94535745844337,
        "annual_volatility_2020_2021_2_0_bps": 0.11040911120551214,
        "sharpe_ratio_2020_2021_2_0_bps": 40.96336328429296,
        "downside_risk_2020_2021_2_0_bps": 0.020252983444336844,
        "sortino_ratio_2020_2021_2_0_bps": 223.31171822845405,
        "max_drawdown_2020_2021_2_0_bps": 0.0169657610357595,
        "calmar_ratio_2020_2021_2_0_bps": 5124.754337585253,
        "perc_pos_return_2020_2021_2_0_bps": 0.9723320158102767,
        "profit_loss_ratio_2020_2021_2_0_bps": 3.298272567100047,
        "sharpe_ratio_2020_2_0_bps": 40.96336328429297,
        "annual_return_2020_2021_2_5_bps": 86.92667532151108,
        "annual_volatility_2020_2021_2_5_bps": 0.11040884474976267,
        "sharpe_ratio_2020_2021_2_5_bps": 40.96150321164029,
        "downside_risk_2020_2021_2_5_bps": 0.0202547633517487,
        "sortino_ratio_2020_2021_2_5_bps": 223.28141634004552,
        "max_drawdown_2020_2021_2_5_bps": 0.01696691804566072,