{
    "ALL": {
        "performance_sw": 0.8078788867556475,
        "performance_fw": 0.4565686665510571,
        "val_loss": 7.18129668482028,
        "annual_return_2020_2021": 0.25675957752055156,
        "annual_volatility_2020_2021": 0.3689304618929059,
        "sharpe_ratio_2020_2021": 0.8078788867556478,
        "downside_risk_2020_2021": 0.27770502923547413,
        "sortino_ratio_2020_2021": 1.0732651535509699,
        "max_drawdown_2020_2021": 0.4573869374932875,
        "calmar_ratio_2020_2021": 0.56136185026998,
        "perc_pos_return_2020_2021": 0.5612648221343873,
        "profit_loss_ratio_2020_2021": 0.9265817072294789,
        "sharpe_ratio_2020": 0.8078788867556478,
        "annual_return_2020_2021_0_5_bps": 0.2539411515465757,
        "annual_volatility_2020_2021_0_5_bps": 0.3689341058872204,
        "sharpe_ratio_2020_2021_0_5_bps": 0.8017847371067847,
        "downside_risk_2020_2021_0_5_bps": 0.2777557271411287,
        "sortino_ratio_2020_2021_0_5_bps": 1.0649851873196896,
        "max_drawdown_2020_2021_0_5_bps": 0.4575474414540495,
        "calmar_ratio_2020_2021_0_5_bps": 0.5550050738773029,
        "perc_pos_return_2020_2021_0_5_bps": 0.5612648221343873,
        "profit_loss_ratio_2020_2021_0_5_bps": 0.9253995074452525,
        "sharpe_ratio_2020_0_5_bps": 0.8017847371067847,
        "annual_return_2020_2021_1_0_bps": 0.2511290111842328,
        "annual_volatility_2020_2021_1_0_bps": 0.3689377715092471,
        "sharpe_ratio_2020_2021_1_0_bps": 0.7956906611969871,
        "downside_risk_2020_2021_1_0_bps": 0.2778064639838108,
        "sortino_ratio_2020_2021_1_0_bps": 1.0567080950637744,
        "max_drawdown_2020_2021_1_0_bps": 0.45770790020235247,
        "calmar_ratio_2020_2021_1_0_bps": 0.5486665427300005,
        "perc_pos_return_2020_2021_1_0_bps": 0.5612648221343873,
        "profit_loss_ratio_2020_2021_1_0_bps": 0.9242187971450173,
        "sharpe_ratio_2020_1_0_bps": 0.7956906611969871,
        "annual_return_2020_2021_1_5_bps": 0.24832314249338583,
        "annual_volatility_2020_2021_1_5_bps": 0.3689414587583414,
        "sharpe_ratio_2020_2021_1_5_bps": 0.7895966600971582,
        "downside_risk_2020_2021_1_5_bps": 0.2778572397421908,
        "sortino_ratio_2020_2021_1_5_bps": 1.0484338787690244,
        "max_drawdown_2020_2021_1_5_bps": 0.4578683137503051,
        "calmar_ratio_2020_2021_1_5_bps": 0.542346205308295,
        "perc_pos_return_2020_2021_1_5_bps": 0.5612648221343873,
        "profit_loss_ratio_2020_2021_1_5_bps": 0.9230395735155869,
        "sharpe_ratio_2020_1_5_bps": 0.7895966600971582,
        "annual_return_2020_2021_2_0_bps": 0.24552353156464846,
        "annual_volatility_2020_2021_2_0_bps": 0.3689451676338547,
        "sharpe_ratio_2020_2021_2_0_bps": 0.7835027348780986,
        "downside_risk_2020_2021_2_0_bps": 0.27790805439493793,
        "sortino_ratio_2020_2021_2_0_bps": 1.0401625404148382,
        "max_drawdown_2020_2021_2_0_bps": 0.4580286821100132,
        "calmar_ratio_2020_2021_2_0_bps": 0.5360440102431763,
        "perc_pos_return_2020_2021_2_0_bps": 0.5612648221343873,
        "profit_loss_ratio_2020_2021_2_0_bps": 0.9218618337508548,
        "sharpe_ratio_2020_2_0_bps": 0.7835027348780986,
        "annual_return_2020_2021_2_5_bps": 0.24273016451931184,
        "annual_volatility_2020_2021_2_5_bps": 0.3689488981351349,
        "sharpe_ratio_2020_2021_2_5_bps": 0.7774088866105048,
        "downside_risk_2020_2021_2_5_bps": 0.2779589080857608,
        "sortino_ratio_2020_2021_2_5_bps": 1.0318940813615216,
        "max_drawdown_2020_2021_2_5_bps": 0.45818900529357837,
        "calmar_ratio_2020_2021_2_5_bps": 0.5297599063159226,
        "perc_pos_return_2020_2021_2_5_bps": 0.5573122529644269,
        "profit_loss_ratio_2020_2021_2_5_bps": 0.935567713560829,
        "sharpe_ratio_2020_2_5_bps": 0.7774088866105048,
        "annual_return_2020_2021_3_0_bps": 0.239943027509272,
        "annual_volatility_2020_2021_3_0_bps": 0.368952650261526,
        "sharpe_ratio_2020_2021_3_0_bps": 0.7713151163649664,
        "downside_risk_2020_2021_3_0_bps": 0.27800980136437137,
        "sortino_ratio_2020_2021_3_0_bps": 1.0236285014881572,
        "max_drawdown_2020_2021_3_0_bps": 0.4583492833131022,
        "calmar_ratio_2020_2021_3_0_bps": 0.5234938424576197,
        "perc_pos_return_2020_2021_3_0_bps": 0.5533596837944664,
        "profit_loss_ratio_2020_2021_3_0_bps": 0.9494483169783605,
        "sharpe_ratio_2020_3_0_bps": 0.7713151163649664
    },
    "STOCK": {
        "annual_return_2020_2021": 0.25675957752055156,
        "annual_volatility_2020_2021": 0.3689304618929059,
        "sharpe_ratio_2020_2021": 0.8078788867556478,
        "downside_risk_2020_2021": 0.27770502923547413,
        "sortino_ratio_2020_2021": 1.0732651535509699,
        "max_drawdown_2020_2021": 0.4573869374932875,
        "calmar_ratio_2020_2021": 0.56136185026998,
        "perc_pos_return_2020_2021": 0.5612648221343873,
        "profit_loss_ratio_2020_2021": 0.9265817072294789,
        "sharpe_ratio_2020": 0.8078788867556478,
        "annual_return_2020_2021_0_5_bps": 0.2539411515465757,
        "annual_volatility_2020_2021_0_5_bps": 0.3689341058872204,
        "sharpe_ratio_2020_2021_0_5_bps": 0.8017847371067847,
        "downside_risk_2020_2021_0_5_bps": 0.2777557271411287,
        "sortino_ratio_2020_2021_0_5_bps": 1.0649851873196896,
        "max_drawdown_2020_2021_0_5_bps": 0.4575474414540495,
        "calmar_ratio_2020_2021_0_5_bps": 0.5550050738773029,
        "perc_pos_return_2020_2021_0_5_bps": 0.5612648221343873,
        "profit_loss_ratio_2020_2021_0_5_bps": 0.9253995074452525,
        "sharpe_ratio_2020_0_5_bps": 0.8017847371067847,
        "annual_return_2020_2021_1_0_bps": 0.2511290111842328,
        "annual_volatility_2020_2021_1_0_bps": 0.3689377715092471,
        "sharpe_ratio_2020_2021_1_0_bps": 0.7956906611969871,
        "downside_risk_2020_2021_1_0_bps": 0.2778064639838108,
        "sortino_ratio_2020_2021_1_0_bps": 1.0567080950637744,
        "max_drawdown_2020_2021_1_0_bps": 0.45770790020235247,
        "calmar_ratio_2020_2021_1_0_bps": 0.5486665427300005,
        "perc_pos_return_2020_2021_1_0_bps": 0.5612648221343873,
        "profit_loss_ratio_2020_2021_1_0_bps": 0.9242187971450173,
        "sharpe_ratio_2020_1_0_bps": 0.7956906611969871,
        "annual_return_2020_2021_1_5_bps": 0.24832314249338583,
        "annual_volatility_2020_2021_1_5_bps": 0.3689414587583414,
        "sharpe_ratio_2020_2021_1_5_bps": 0.7895966600971582,
        "downside_risk_2020_2021_1_5_bps": 0.2778572397421908,
        "sortino_ratio_2020_2021_1_5_bps": 1.0484338787690244,
        "max_drawdown_2020_2021_1_5_bps": 0.4578683137503051,
        "calmar_ratio_2020_2021_1_5_bps": 0.542346205308295,
        "perc_pos_return_2020_2021_1_5_bps": 0.5612648221343873,
        "profit_loss_ratio_2020_2021_1_5_bps": 0.9230395735155869,
        "sharpe_ratio_2020_1_5_bps": 0.7895966600971582,
        "annual_return_2020_2021_2_0_bps": 0.24552353156464846,
        "annual_volatility_2020_2021_2_0_bps": 0.3689451676338547,
        "sharpe_ratio_2020_2021_2_0_bps": 0.7835027348780986,
        "downside_risk_2020_2021_2_0_bps": 0.27790805439493793,
        "sortino_ratio_2020_2021_2_0_bps": 1.0401625404148382,
        "max_drawdown_2020_2021_2_0_bps": 0.4580286821100132,
        "calmar_ratio_2020_2021_2_0_bps": 0.5360440102431763,
        "perc_pos_return_2020_2021_2_0_bps": 0.5612648221343873,
        "profit_loss_ratio_2020_2021_2_0_bps": 0.9218618337508548,
        "sharpe_ratio_2020_2_0_bps": 0.7835027348780986,
        "annual_return_2020_2021_2_5_bps": 0.24273016451931184,
        "annual_volatility_2020_2021_2_5_bps": 0.3689488981351349,
        "sharpe_ratio_2020_2021_2_5_bps": 0.7774088866105048,
        "downside_risk_2020_2021_2_5_bps": 0.2779589080857608,
        "sortino_ratio_2020_2021_2_5_bps": 1.0318940813615216,
        "max_drawdown_2020_2021_2_5_bps": 0.45818900529357837,