{
    "ALL": {
        "performance_sw": 1.2340318384549969,
        "performance_fw": 0.9735292151017546,
        "val_loss": 1.4877793232517524,
        "annual_return_2023_2024": 0.30142173144237505,
        "annual_volatility_2023_2024": 0.2359942605034168,
        "sharpe_ratio_2023_2024": 1.234031838454997,
        "downside_risk_2023_2024": 0.1528125987656004,
        "sortino_ratio_2023_2024": 1.9057619169252449,
        "max_drawdown_2023_2024": 0.2872708466392045,
        "calmar_ratio_2023_2024": 1.049259731604242,
        "perc_pos_return_2023_2024": 0.5140562248995983,
        "profit_loss_ratio_2023_2024": 1.1666549760919422,
        "sharpe_ratio_2023": 1.234031838454997,
        "annual_return_2023_2024_0_5_bps": 0.2971235813044737,
        "annual_volatility_2023_2024_0_5_bps": 0.23599454057289138,
        "sharpe_ratio_2023_2024_0_5_bps": 1.2199996603447043,
        "downside_risk_2023_2024_0_5_bps": 0.15291608649329005,
        "sortino_ratio_2023_2024_0_5_bps": 1.8828186487414824,
        "max_drawdown_2023_2024_0_5_bps": 0.28782832978231637,
        "calmar_ratio_2023_2024_0_5_bps": 1.0322944288673297,
        "perc_pos_return_2023_2024_0_5_bps": 0.5140562248995983,
        "profit_loss_ratio_2023_2024_0_5_bps": 1.1638590085586324,
        "sharpe_ratio_2023_0_5_bps": 1.2199996603447043,
        "annual_return_2023_2024_1_0_bps": 0.29283956530448707,
        "annual_volatility_2023_2024_1_0_bps": 0.23599483722792672,
        "sharpe_ratio_2023_2024_1_0_bps": 1.2059674307855004,
        "downside_risk_2023_2024_1_0_bps": 0.1530196524298942,
        "sortino_ratio_2023_2024_1_0_bps": 1.8599054631939858,
        "max_drawdown_2023_2024_1_0_bps": 0.2883853846121206,
        "calmar_ratio_2023_2024_1_0_bps": 1.0154452372763527,
        "perc_pos_return_2023_2024_1_0_bps": 0.5140562248995983,
        "profit_loss_ratio_2023_2024_1_0_bps": 1.1610701702943809,
        "sharpe_ratio_2023_1_0_bps": 1.2059674307855004,
        "annual_return_2023_2024_1_5_bps": 0.2885696371644404,
        "annual_volatility_2023_2024_1_5_bps": 0.2359951504684603,
        "sharpe_ratio_2023_2024_1_5_bps": 1.1919351527364186,
        "downside_risk_2023_2024_1_5_bps": 0.1531232964167216,
        "sortino_ratio_2023_2024_1_5_bps": 1.8370223362560811,
        "max_drawdown_2023_2024_1_5_bps": 0.2889420114517599,
        "calmar_ratio_2023_2024_1_5_bps": 0.9987112490653451,
        "perc_pos_return_2023_2024_1_5_bps": 0.5140562248995983,
        "profit_loss_ratio_2023_2024_1_5_bps": 1.1582884340661677,
        "sharpe_ratio_2023_1_5_bps": 1.1919351527364186,
        "annual_return_2023_2024_2_0_bps": 0.2843137507572151,
        "annual_volatility_2023_2024_2_0_bps": 0.23599548029442616,
        "sharpe_ratio_2023_2024_2_0_bps": 1.1779028291564995,
        "downside_risk_2023_2024_2_0_bps": 0.15322701829539076,
        "sortino_ratio_2023_2024_2_0_bps": 1.814169243775681,
        "max_drawdown_2023_2024_2_0_bps": 0.289498210624143,
        "calmar_ratio_2023_2024_2_0_bps": 0.9820915650713333,
        "perc_pos_return_2023_2024_2_0_bps": 0.5140562248995983,
        "profit_loss_ratio_2023_2024_2_0_bps": 1.155513772779499,
        "sharpe_ratio_2023_2_0_bps": 1.1779028291564995,
        "annual_return_2023_2024_2_5_bps": 0.280071860106083,
        "annual_volatility_2023_2024_2_5_bps": 0.23599582670575464,
        "sharpe_ratio_2023_2024_2_5_bps": 1.1638704630047891,
        "downside_risk_2023_2024_2_5_bps": 0.15333081790783012,
        "sortino_ratio_2023_2024_2_5_bps": 1.7913461614763755,
        "max_drawdown_2023_2024_2_5_bps": 0.29005398245193525,
        "calmar_ratio_2023_2024_2_5_bps": 0.9655852946356066,
        "perc_pos_return_2023_2024_2_5_bps": 0.5140562248995983,
        "profit_loss_ratio_2023_2024_2_5_bps": 1.1527461594775286,
        "sharpe_ratio_2023_2_5_bps": 1.1638704630047891,
        "annual_return_2023_2024_3_0_bps": 0.2758439193841835,
        "annual_volatility_2023_2024_3_0_bps": 0.23599618970237277,
        "sharpe_ratio_2023_2024_3_0_bps": 1.1498380572403346,
        "downside_risk_2023_2024_3_0_bps": 0.1534346950962773,
        "sortino_ratio_2023_2024_3_0_bps": 1.768553064958523,
        "max_drawdown_2023_2024_3_0_bps": 0.2906093272575673,
        "calmar_ratio_2023_2024_3_0_bps": 0.9491915555060724,
        "perc_pos_return_2023_2024_3_0_bps": 0.5140562248995983,
        "profit_loss_ratio_2023_2024_3_0_bps": 1.1499855673401824,
        "sharpe_ratio_2023_3_0_bps": 1.1498380572403346
    },
    "STOCK": {
        "annual_return_2023_2024": 0.30142173144237505,
        "annual_volatility_2023_2024": 0.2359942605034168,
        "sharpe_ratio_2023_2024": 1.234031838454997,
        "downside_risk_2023_2024": 0.1528125987656004,
        "sortino_ratio_2023_2024": 1.9057619169252449,
        "max_drawdown_2023_2024": 0.2872708466392045,
        "calmar_ratio_2023_2024": 1.049259731604242,
        "perc_pos_return_2023_2024": 0.5140562248995983,
        "profit_loss_ratio_2023_2024": 1.1666549760919422,
        "sharpe_ratio_2023": 1.234031838454997,
        "annual_return_2023_2024_0_5_bps": 0.2971235813044737,
        "annual_volatility_2023_2024_0_5_bps": 0.23599454057289138,
        "sharpe_ratio_2023_2024_0_5_bps": 1.2199996603447043,
        "downside_risk_2023_2024_0_5_bps": 0.15291608649329005,
        "sortino_ratio_2023_2024_0_5_bps": 1.8828186487414824,
        "max_drawdown_2023_2024_0_5_bps": 0.28782832978231637,
        "calmar_ratio_2023_2024_0_5_bps": 1.0322944288673297,
        "perc_pos_return_2023_2024_0_5_bps": 0.5140562248995983,
        "profit_loss_ratio_2023_2024_0_5_bps": 1.1638590085586324,
        "sharpe_ratio_2023_0_5_bps": 1.2199996603447043,
        "annual_return_2023_2024_1_0_bps": 0.29283956530448707,
        "annual_volatility_2023_2024_1_0_bps": 0.23599483722792672,
        "sharpe_ratio_2023_2024_1_0_bps": 1.2059674307855004,
        "downside_risk_2023_2024_1_0_bps": 0.1530196524298942,
        "sortino_ratio_2023_2024_1_0_bps": 1.8599054631939858,
        "max_drawdown_2023_2024_1_0_bps": 0.2883853846121206,
        "calmar_ratio_2023_2024_1_0_bps": 1.0154452372763527,
        "perc_pos_return_2023_2024_1_0_bps": 0.5140562248995983,
        "profit_loss_ratio_2023_2024_1_0_bps": 1.1610701702943809,
        "sharpe_ratio_2023_1_0_bps": 1.2059674307855004,
        "annual_return_2023_2024_1_5_bps": 0.2885696371644404,
        "annual_volatility_2023_2024_1_5_bps": 0.2359951504684603,
        "sharpe_ratio_2023_2024_1_5_bps": 1.1919351527364186,
        "downside_risk_2023_2024_1_5_bps": 0.1531232964167216,
        "sortino_ratio_2023_2024_1_5_bps": 1.8370223362560811,
        "max_drawdown_2023_2024_1_5_bps": 0.2889420114517599,
        "calmar_ratio_2023_2024_1_5_bps": 0.9987112490653451,
        "perc_pos_return_2023_2024_1_5_bps": 0.5140562248995983,
        "profit_loss_ratio_2023_2024_1_5_bps": 1.1582884340661677,
        "sharpe_ratio_2023_1_5_bps": 1.1919351527364186,
        "annual_return_2023_2024_2_0_bps": 0.2843137507572151,
        "annual_volatility_2023_2024_2_0_bps": 0.23599548029442616,
        "sharpe_ratio_2023_2024_2_0_bps": 1.1779028291564995,
        "downside_risk_2023_2024_2_0_bps": 0.15322701829539076,
        "sortino_ratio_2023_2024_2_0_bps": 1.814169243775681,
        "max_drawdown_2023_2024_2_0_bps": 0.289498210624143,
        "calmar_ratio_2023_2024_2_0_bps": 0.9820915650713333,
        "perc_pos_return_2023_2024_2_0_bps": 0.5140562248995983,
        "profit_loss_ratio_2023_2024_2_0_bps": 1.155513772779499,
        "sharpe_ratio_2023_2_0_bps": 1.1779028291564995,
        "annual_return_2023_2024_2_5_bps": 0.280071860106083,
        "annual_volatility_2023_2024_2_5_bps": 0.23599582670575464,
        "sharpe_ratio_2023_2024_2_5_bps": 1.1638704630047891,
        "downside_risk_2023_2024_2_5_bps": 0.15333081790783012,
        "sortino_ratio_2023_2024_2_5_bps": 1.7913461614763755,
        "max_drawdown_2023_2024_2_5_bps": 0.29005398245193525,