{
    "ALL": {
        "performance_sw": 167.8336732310587,
        "performance_fw": 108.68694683156214,
        "val_loss": 137.60472122642162,
        "annual_return_2022_2023": 974.0718044459928,
        "annual_volatility_2022_2023": 0.03448708287949424,
        "sharpe_ratio_2022_2023": 202.3347503329089,
        "downside_risk_2022_2023": 0.0,
        "sortino_ratio_2022_2023": Infinity,
        "max_drawdown_2022_2023": -0.0,
        "calmar_ratio_2022_2023": NaN,
        "perc_pos_return_2022_2023": 1.0,
        "profit_loss_ratio_2022_2023": NaN,
        "sharpe_ratio_2022": 202.33475033290895,
        "annual_return_2022_2023_0_5_bps": 973.9069349062111,
        "annual_volatility_2022_2023_0_5_bps": 0.03448709343674418,
        "sharpe_ratio_2022_2023_0_5_bps": 202.3296494058836,
        "downside_risk_2022_2023_0_5_bps": 0.0,
        "sortino_ratio_2022_2023_0_5_bps": Infinity,
        "max_drawdown_2022_2023_0_5_bps": -0.0,
        "calmar_ratio_2022_2023_0_5_bps": NaN,
        "perc_pos_return_2022_2023_0_5_bps": 1.0,
        "profit_loss_ratio_2022_2023_0_5_bps": NaN,
        "sharpe_ratio_2022_0_5_bps": 202.32964940588357,
        "annual_return_2022_2023_1_0_bps": 973.7420931232563,
        "annual_volatility_2022_2023_1_0_bps": 0.03448710429208845,
        "sharpe_ratio_2022_2023_1_0_bps": 202.32454673315948,
        "downside_risk_2022_2023_1_0_bps": 0.0,
        "sortino_ratio_2022_2023_1_0_bps": Infinity,
        "max_drawdown_2022_2023_1_0_bps": -0.0,
        "calmar_ratio_2022_2023_1_0_bps": NaN,
        "perc_pos_return_2022_2023_1_0_bps": 1.0,
        "profit_loss_ratio_2022_2023_1_0_bps": NaN,
        "sharpe_ratio_2022_1_0_bps": 202.32454673315948,
        "annual_return_2022_2023_1_5_bps": 973.5772790924847,
        "annual_volatility_2022_2023_1_5_bps": 0.03448711544552676,
        "sharpe_ratio_2022_2023_1_5_bps": 202.3194423148722,
        "downside_risk_2022_2023_1_5_bps": 0.0,
        "sortino_ratio_2022_2023_1_5_bps": Infinity,
        "max_drawdown_2022_2023_1_5_bps": -0.0,
        "calmar_ratio_2022_2023_1_5_bps": NaN,
        "perc_pos_return_2022_2023_1_5_bps": 1.0,
        "profit_loss_ratio_2022_2023_1_5_bps": NaN,
        "sharpe_ratio_2022_1_5_bps": 202.3194423148722,
        "annual_return_2022_2023_2_0_bps": 973.4124928092396,
        "annual_volatility_2022_2023_2_0_bps": 0.03448712689705884,
        "sharpe_ratio_2022_2023_2_0_bps": 202.31433615115742,
        "downside_risk_2022_2023_2_0_bps": 0.0,
        "sortino_ratio_2022_2023_2_0_bps": Infinity,
        "max_drawdown_2022_2023_2_0_bps": -0.0,
        "calmar_ratio_2022_2023_2_0_bps": NaN,
        "perc_pos_return_2022_2023_2_0_bps": 1.0,
        "profit_loss_ratio_2022_2023_2_0_bps": NaN,
        "sharpe_ratio_2022_2_0_bps": 202.31433615115742,
        "annual_return_2022_2023_2_5_bps": 973.2477342688676,
        "annual_volatility_2022_2023_2_5_bps": 0.03448713864668436,
        "sharpe_ratio_2022_2023_2_5_bps": 202.3092282421512,
        "downside_risk_2022_2023_2_5_bps": 0.0,
        "sortino_ratio_2022_2023_2_5_bps": Infinity,
        "max_drawdown_2022_2023_2_5_bps": -0.0,
        "calmar_ratio_2022_2023_2_5_bps": NaN,
        "perc_pos_return_2022_2023_2_5_bps": 1.0,
        "profit_loss_ratio_2022_2023_2_5_bps": NaN,
        "sharpe_ratio_2022_2_5_bps": 202.30922824215116,
        "annual_return_2022_2023_3_0_bps": 973.0830034667208,
        "annual_volatility_2022_2023_3_0_bps": 0.034487150694403036,
        "sharpe_ratio_2022_2023_3_0_bps": 202.3041185879894,
        "downside_risk_2022_2023_3_0_bps": 0.0,
        "sortino_ratio_2022_2023_3_0_bps": Infinity,
        "max_drawdown_2022_2023_3_0_bps": -0.0,
        "calmar_ratio_2022_2023_3_0_bps": NaN,
        "perc_pos_return_2022_2023_3_0_bps": 1.0,
        "profit_loss_ratio_2022_2023_3_0_bps": NaN,
        "sharpe_ratio_2022_3_0_bps": 202.30411858798942
    },
    "STOCK": {
        "annual_return_2022_2023": 974.0718044459928,
        "annual_volatility_2022_2023": 0.03448708287949424,
        "sharpe_ratio_2022_2023": 202.3347503329089,
        "downside_risk_2022_2023": 0.0,
        "sortino_ratio_2022_2023": Infinity,
        "max_drawdown_2022_2023": -0.0,
        "calmar_ratio_2022_2023": NaN,
        "perc_pos_return_2022_2023": 1.0,
        "profit_loss_ratio_2022_2023": NaN,
        "sharpe_ratio_2022": 202.33475033290895,
        "annual_return_2022_2023_0_5_bps": 973.9069349062111,
        "annual_volatility_2022_2023_0_5_bps": 0.03448709343674418,
        "sharpe_ratio_2022_2023_0_5_bps": 202.3296494058836,
        "downside_risk_2022_2023_0_5_bps": 0.0,
        "sortino_ratio_2022_2023_0_5_bps": Infinity,
        "max_drawdown_2022_2023_0_5_bps": -0.0,
        "calmar_ratio_2022_2023_0_5_bps": NaN,
        "perc_pos_return_2022_2023_0_5_bps": 1.0,
        "profit_loss_ratio_2022_2023_0_5_bps": NaN,
        "sharpe_ratio_2022_0_5_bps": 202.32964940588357,
        "annual_return_2022_2023_1_0_bps": 973.7420931232563,
        "annual_volatility_2022_2023_1_0_bps": 0.03448710429208845,
        "sharpe_ratio_2022_2023_1_0_bps": 202.32454673315948,
        "downside_risk_2022_2023_1_0_bps": 0.0,
        "sortino_ratio_2022_2023_1_0_bps": Infinity,
        "max_drawdown_2022_2023_1_0_bps": -0.0,
        "calmar_ratio_2022_2023_1_0_bps": NaN,
        "perc_pos_return_2022_2023_1_0_bps": 1.0,
        "profit_loss_ratio_2022_2023_1_0_bps": NaN,
        "sharpe_ratio_2022_1_0_bps": 202.32454673315948,
        "annual_return_2022_2023_1_5_bps": 973.5772790924847,
        "annual_volatility_2022_2023_1_5_bps": 0.03448711544552676,
        "sharpe_ratio_2022_2023_1_5_bps": 202.3194423148722,
        "downside_risk_2022_2023_1_5_bps": 0.0,
        "sortino_ratio_2022_2023_1_5_bps": Infinity,
        "max_drawdown_2022_2023_1_5_bps": -0.0,
        "calmar_ratio_2022_2023_1_5_bps": NaN,
        "perc_pos_return_2022_2023_1_5_bps": 1.0,
        "profit_loss_ratio_2022_2023_1_5_bps": NaN,
        "sharpe_ratio_2022_1_5_bps": 202.3194423148722,
        "annual_return_2022_2023_2_0_bps": 973.4124928092396,
        "annual_volatility_2022_2023_2_0_bps": 0.03448712689705884,
        "sharpe_ratio_2022_2023_2_0_bps": 202.31433615115742,
        "downside_risk_2022_2023_2_0_bps": 0.0,
        "sortino_ratio_2022_2023_2_0_bps": Infinity,
        "max_drawdown_2022_2023_2_0_bps": -0.0,
        "calmar_ratio_2022_2023_2_0_bps": NaN,
        "perc_pos_return_2022_2023_2_0_bps": 1.0,
        "profit_loss_ratio_2022_2023_2_0_bps": NaN,
        "sharpe_ratio_2022_2_0_bps": 202.31433615115742,
        "annual_return_2022_2023_2_5_bps": 973.2477342688676,
        "annual_volatility_2022_2023_2_5_bps": 0.03448713864668436,
        "sharpe_ratio_2022_2023_2_5_bps": 202.3092282421512,
        "downside_risk_2022_2023_2_5_bps": 0.0,
        "sortino_ratio_2022_2023_2_5_bps": Infinity,
        "max_drawdown_2022_2023_2_5_bps": -0.0,
        "calmar_ratio_2022_2023_2_5_bps": NaN,
        "perc_pos_return_2022_2023_2_5_bps": 1.0,
        "profit_loss_ratio_2022_2023_2_5_bps": NaN,
        "sharpe_ratio_2022_2_5_bps": 202.30922824215116,
        "annual_return_2022_2023_3_0_bps": 973.0830034667208,
        "annual_volatility_2022_2023_3_0_bps": 0.034487150694403036,
        "sharpe_ratio_2022_2023_3_0_bps": 202.3041185879894,
        "downside_risk_2022_2023_3_0_bps": 0.0,
        "sortino_ratio_2022_2023_3_0_bps": Infinity,
        "max_drawdown_2022_2023_3_0_bps": -0.0,
        "calmar_ratio_2022_2023_3_0_bps": NaN,
        "perc_pos_return_2022_2023_3_0_bps": 1.0,
        "profit_loss_ratio_2022_2023_3_0_bps": NaN,
        "sharpe_ratio_2022_3_0_bps": 202.30411858798942
    }
}