{
    "ALL": {
        "performance_sw": -0.9247728727354572,
        "performance_fw": -1.142487412172385,
        "val_loss": 3.111992888139221,
        "annual_return_2022_2023": -0.08305044048444543,
        "annual_volatility_2022_2023": 0.08942652502120814,
        "sharpe_ratio_2022_2023": -0.9247728727354569,
        "downside_risk_2022_2023": 0.06833082029833198,
        "sortino_ratio_2022_2023": -1.2102770621155652,
        "max_drawdown_2022_2023": 0.16560825213101943,
        "calmar_ratio_2022_2023": -0.5014873317951623,
        "perc_pos_return_2022_2023": 0.49800796812749004,
        "profit_loss_ratio_2022_2023": 0.8577657181128076,
        "sharpe_ratio_2022": -0.9247728727354569,
        "annual_return_2022_2023_0_5_bps": -0.0843363227680729,
        "annual_volatility_2022_2023_0_5_bps": 0.08942874379660244,
        "sharpe_ratio_2022_2023_0_5_bps": -0.9404342056606992,
        "downside_risk_2022_2023_0_5_bps": 0.0683784543883693,
        "sortino_ratio_2022_2023_0_5_bps": -1.2299466314040748,
        "max_drawdown_2022_2023_0_5_bps": 0.16643284804087347,
        "calmar_ratio_2022_2023_0_5_bps": -0.5067288324439484,
        "perc_pos_return_2022_2023_0_5_bps": 0.4940239043824701,
        "profit_loss_ratio_2022_2023_0_5_bps": 0.8691564181018617,
        "sharpe_ratio_2022_0_5_bps": -0.9404342056606992,
        "annual_return_2022_2023_1_0_bps": -0.0856204094344557,
        "annual_volatility_2022_2023_1_0_bps": 0.08943096851480231,
        "sharpe_ratio_2022_2023_1_0_bps": -0.9560946979392232,
        "downside_risk_2022_2023_1_0_bps": 0.06842611809376903,
        "sortino_ratio_2022_2023_1_0_bps": -1.2495882743399152,
        "max_drawdown_2022_2023_1_0_bps": 0.167256633929035,
        "calmar_ratio_2022_2023_1_0_bps": -0.5119103943630925,
        "perc_pos_return_2022_2023_1_0_bps": 0.4940239043824701,
        "profit_loss_ratio_2022_2023_1_0_bps": 0.8667745926153104,
        "sharpe_ratio_2022_1_0_bps": -0.9560946979392232,
        "annual_return_2022_2023_1_5_bps": -0.08690270298034486,
        "annual_volatility_2022_2023_1_5_bps": 0.08943319917536427,
        "sharpe_ratio_2022_2023_1_5_bps": -0.9717543465166799,
        "downside_risk_2022_2023_1_5_bps": 0.06847381152232822,
        "sortino_ratio_2022_2023_1_5_bps": -1.2692020217570794,
        "max_drawdown_2022_2023_1_5_bps": 0.16807961058640497,
        "calmar_ratio_2022_2023_1_5_bps": -0.5170329861971606,
        "perc_pos_return_2022_2023_1_5_bps": 0.4940239043824701,
        "profit_loss_ratio_2022_2023_1_5_bps": 0.8643989194973292,
        "sharpe_ratio_2022_1_5_bps": -0.9717543465166799,
        "annual_return_2022_2023_2_0_bps": -0.08818320589904649,
        "annual_volatility_2022_2023_2_0_bps": 0.08943543577784364,
        "sharpe_ratio_2022_2023_2_0_bps": -0.9874131483396855,
        "downside_risk_2022_2023_2_0_bps": 0.06852153461198178,
        "sortino_ratio_2022_2023_2_0_bps": -1.288787907547686,
        "max_drawdown_2022_2023_2_0_bps": 0.16890177880311996,
        "calmar_ratio_2022_2023_2_0_bps": -0.5220975558927481,
        "perc_pos_return_2022_2023_2_0_bps": 0.4940239043824701,
        "profit_loss_ratio_2022_2023_2_0_bps": 0.8620293749408736,
        "sharpe_ratio_2022_2_0_bps": -0.9874131483396855,
        "annual_return_2022_2023_2_5_bps": -0.08946192068040548,
        "annual_volatility_2022_2023_2_5_bps": 0.08943767832179471,
        "sharpe_ratio_2022_2023_2_5_bps": -1.0030711003558197,
        "downside_risk_2022_2023_2_5_bps": 0.06856928730079877,
        "sortino_ratio_2022_2023_2_5_bps": -1.3083459656502423,
        "max_drawdown_2022_2023_2_5_bps": 0.16972313936854802,
        "calmar_ratio_2022_2023_2_5_bps": -0.5271050312482257,
        "perc_pos_return_2022_2023_2_5_bps": 0.4940239043824701,
        "profit_loss_ratio_2022_2023_2_5_bps": 0.8596659352615732,
        "sharpe_ratio_2022_2_5_bps": -1.0030711003558197,
        "annual_return_2022_2023_3_0_bps": -0.09073884981082392,
        "annual_volatility_2022_2023_3_0_bps": 0.08943992680677051,
        "sharpe_ratio_2022_2023_3_0_bps": -1.0187281995136346,
        "downside_risk_2022_2023_3_0_bps": 0.06861706952698235,
        "sortino_ratio_2022_2023_3_0_bps": -1.3278762300489,
        "max_drawdown_2022_2023_3_0_bps": 0.1705436930712892,
        "calmar_ratio_2022_2023_3_0_bps": -0.5320563204462452,
        "perc_pos_return_2022_2023_3_0_bps": 0.4940239043824701,
        "profit_loss_ratio_2022_2023_3_0_bps": 0.85730857689694,
        "sharpe_ratio_2022_3_0_bps": -1.0187281995136346
    },
    "STOCK": {
        "annual_return_2022_2023": -0.08305044048444543,
        "annual_volatility_2022_2023": 0.08942652502120814,
        "sharpe_ratio_2022_2023": -0.9247728727354569,
        "downside_risk_2022_2023": 0.06833082029833198,
        "sortino_ratio_2022_2023": -1.2102770621155652,
        "max_drawdown_2022_2023": 0.16560825213101943,
        "calmar_ratio_2022_2023": -0.5014873317951623,
        "perc_pos_return_2022_2023": 0.49800796812749004,
        "profit_loss_ratio_2022_2023": 0.8577657181128076,
        "sharpe_ratio_2022": -0.9247728727354569,
        "annual_return_2022_2023_0_5_bps": -0.0843363227680729,
        "annual_volatility_2022_2023_0_5_bps": 0.08942874379660244,
        "sharpe_ratio_2022_2023_0_5_bps": -0.9404342056606992,
        "downside_risk_2022_2023_0_5_bps": 0.0683784543883693,
        "sortino_ratio_2022_2023_0_5_bps": -1.2299466314040748,
        "max_drawdown_2022_2023_0_5_bps": 0.16643284804087347,
        "calmar_ratio_2022_2023_0_5_bps": -0.5067288324439484,
        "perc_pos_return_2022_2023_0_5_bps": 0.4940239043824701,
        "profit_loss_ratio_2022_2023_0_5_bps": 0.8691564181018617,
        "sharpe_ratio_2022_0_5_bps": -0.9404342056606992,
        "annual_return_2022_2023_1_0_bps": -0.0856204094344557,
        "annual_volatility_2022_2023_1_0_bps": 0.08943096851480231,
        "sharpe_ratio_2022_2023_1_0_bps": -0.9560946979392232,
        "downside_risk_2022_2023_1_0_bps": 0.06842611809376903,
        "sortino_ratio_2022_2023_1_0_bps": -1.2495882743399152,
        "max_drawdown_2022_2023_1_0_bps": 0.167256633929035,
        "calmar_ratio_2022_2023_1_0_bps": -0.5119103943630925,
        "perc_pos_return_2022_2023_1_0_bps": 0.4940239043824701,
        "profit_loss_ratio_2022_2023_1_0_bps": 0.8667745926153104,
        "sharpe_ratio_2022_1_0_bps": -0.9560946979392232,
        "annual_return_2022_2023_1_5_bps": -0.08690270298034486,
        "annual_volatility_2022_2023_1_5_bps": 0.08943319917536427,
        "sharpe_ratio_2022_2023_1_5_bps": -0.9717543465166799,
        "downside_risk_2022_2023_1_5_bps": 0.06847381152232822,
        "sortino_ratio_2022_2023_1_5_bps": -1.2692020217570794,
        "max_drawdown_2022_2023_1_5_bps": 0.16807961058640497,
        "calmar_ratio_2022_2023_1_5_bps": -0.5170329861971606,
        "perc_pos_return_2022_2023_1_5_bps": 0.4940239043824701,
        "profit_loss_ratio_2022_2023_1_5_bps": 0.8643989194973292,
        "sharpe_ratio_2022_1_5_bps": -0.9717543465166799,
        "annual_return_2022_2023_2_0_bps": -0.08818320589904649,
        "annual_volatility_2022_2023_2_0_bps": 0.08943543577784364,
        "sharpe_ratio_2022_2023_2_0_bps": -0.9874131483396855,
        "downside_risk_2022_2023_2_0_bps": 0.06852153461198178,
        "sortino_ratio_2022_2023_2_0_bps": -1.288787907547686,
        "max_drawdown_2022_2023_2_0_bps": 0.16890177880311996,
        "calmar_ratio_2022_2023_2_0_bps": -0.5220975558927481,
        "perc_pos_return_2022_2023_2_0_bps": 0.4940239043824701,
        "profit_loss_ratio_2022_2023_2_0_bps": 0.8620293749408736,
        "sharpe_ratio_2022_2_0_bps": -0.9874131483396855,
        "annual_return_2022_2023_2_5_bps": -0.08946192068040548,
        "annual_volatility_2022_2023_2_5_bps": 0.08943767832179471,
        "sharpe_ratio_2022_2023_2_5_bps": -1.0030711003558197,
        "downside_risk_2022_2023_2_5_bps": 0.06856928730079877,
        "sortino_ratio_2022_2023_2_5_bps": -1.3083459656502423,