{
    "ALL": {
        "performance_sw": 166.5645779996343,
        "performance_fw": 126.64224422413444,
        "val_loss": 84.03195515830657,
        "annual_return_2021_2022": 1443.9794007768014,
        "annual_volatility_2021_2022": 0.030088890359503902,
        "sharpe_ratio_2021_2022": 245.35111702225214,
        "downside_risk_2021_2022": 0.0,
        "sortino_ratio_2021_2022": Infinity,
        "max_drawdown_2021_2022": -0.0,
        "calmar_ratio_2021_2022": NaN,
        "perc_pos_return_2021_2022": 1.0,
        "profit_loss_ratio_2021_2022": NaN,
        "sharpe_ratio_2021": 245.35111702225205,
        "annual_return_2021_2022_0_5_bps": 1443.78212614128,
        "annual_volatility_2021_2022_0_5_bps": 0.030088438109297982,
        "sharpe_ratio_2021_2022_0_5_bps": 245.3501337262432,
        "downside_risk_2021_2022_0_5_bps": 0.0,
        "sortino_ratio_2021_2022_0_5_bps": Infinity,
        "max_drawdown_2021_2022_0_5_bps": -0.0,
        "calmar_ratio_2021_2022_0_5_bps": NaN,
        "perc_pos_return_2021_2022_0_5_bps": 1.0,
        "profit_loss_ratio_2021_2022_0_5_bps": NaN,
        "sharpe_ratio_2021_0_5_bps": 245.3501337262432,
        "annual_return_2021_2022_1_0_bps": 1443.5848783250622,
        "annual_volatility_2021_2022_1_0_bps": 0.030087986014302,
        "sharpe_ratio_2021_2022_1_0_bps": 245.34914913503232,
        "downside_risk_2021_2022_1_0_bps": 0.0,
        "sortino_ratio_2021_2022_1_0_bps": Infinity,
        "max_drawdown_2021_2022_1_0_bps": -0.0,
        "calmar_ratio_2021_2022_1_0_bps": NaN,
        "perc_pos_return_2021_2022_1_0_bps": 1.0,
        "profit_loss_ratio_2021_2022_1_0_bps": NaN,
        "sharpe_ratio_2021_1_0_bps": 245.34914913503223,
        "annual_return_2021_2022_1_5_bps": 1443.3876573245186,
        "annual_volatility_2021_2022_1_5_bps": 0.03008753407452296,
        "sharpe_ratio_2021_2022_1_5_bps": 245.34816324851914,
        "downside_risk_2021_2022_1_5_bps": 0.0,
        "sortino_ratio_2021_2022_1_5_bps": Infinity,
        "max_drawdown_2021_2022_1_5_bps": -0.0,
        "calmar_ratio_2021_2022_1_5_bps": NaN,
        "perc_pos_return_2021_2022_1_5_bps": 1.0,
        "profit_loss_ratio_2021_2022_1_5_bps": NaN,
        "sharpe_ratio_2021_1_5_bps": 245.34816324851914,
        "annual_return_2021_2022_2_0_bps": 1443.1904631360023,
        "annual_volatility_2021_2022_2_0_bps": 0.030087082289967856,
        "sharpe_ratio_2021_2022_2_0_bps": 245.34717606660368,
        "downside_risk_2021_2022_2_0_bps": 0.0,
        "sortino_ratio_2021_2022_2_0_bps": Infinity,
        "max_drawdown_2021_2022_2_0_bps": -0.0,
        "calmar_ratio_2021_2022_2_0_bps": NaN,
        "perc_pos_return_2021_2022_2_0_bps": 1.0,
        "profit_loss_ratio_2021_2022_2_0_bps": NaN,
        "sharpe_ratio_2021_2_0_bps": 245.34717606660368,
        "annual_return_2021_2022_2_5_bps": 1442.9932957559045,
        "annual_volatility_2021_2022_2_5_bps": 0.03008663066064368,
        "sharpe_ratio_2021_2022_2_5_bps": 245.34618758918583,
        "downside_risk_2021_2022_2_5_bps": 0.0,
        "sortino_ratio_2021_2022_2_5_bps": Infinity,
        "max_drawdown_2021_2022_2_5_bps": -0.0,
        "calmar_ratio_2021_2022_2_5_bps": NaN,
        "perc_pos_return_2021_2022_2_5_bps": 1.0,
        "profit_loss_ratio_2021_2022_2_5_bps": NaN,
        "sharpe_ratio_2021_2_5_bps": 245.34618758918583,
        "annual_return_2021_2022_3_0_bps": 1442.7961551805813,
        "annual_volatility_2021_2022_3_0_bps": 0.030086179186557413,
        "sharpe_ratio_2021_2022_3_0_bps": 245.34519781616552,
        "downside_risk_2021_2022_3_0_bps": 0.0,
        "sortino_ratio_2021_2022_3_0_bps": Infinity,
        "max_drawdown_2021_2022_3_0_bps": -0.0,
        "calmar_ratio_2021_2022_3_0_bps": NaN,
        "perc_pos_return_2021_2022_3_0_bps": 1.0,
        "profit_loss_ratio_2021_2022_3_0_bps": NaN,
        "sharpe_ratio_2021_3_0_bps": 245.3451978161655
    },
    "STOCK": {
        "annual_return_2021_2022": 1443.9794007768014,
        "annual_volatility_2021_2022": 0.030088890359503902,
        "sharpe_ratio_2021_2022": 245.35111702225214,
        "downside_risk_2021_2022": 0.0,
        "sortino_ratio_2021_2022": Infinity,
        "max_drawdown_2021_2022": -0.0,
        "calmar_ratio_2021_2022": NaN,
        "perc_pos_return_2021_2022": 1.0,
        "profit_loss_ratio_2021_2022": NaN,
        "sharpe_ratio_2021": 245.35111702225205,
        "annual_return_2021_2022_0_5_bps": 1443.78212614128,
        "annual_volatility_2021_2022_0_5_bps": 0.030088438109297982,
        "sharpe_ratio_2021_2022_0_5_bps": 245.3501337262432,
        "downside_risk_2021_2022_0_5_bps": 0.0,
        "sortino_ratio_2021_2022_0_5_bps": Infinity,
        "max_drawdown_2021_2022_0_5_bps": -0.0,
        "calmar_ratio_2021_2022_0_5_bps": NaN,
        "perc_pos_return_2021_2022_0_5_bps": 1.0,
        "profit_loss_ratio_2021_2022_0_5_bps": NaN,
        "sharpe_ratio_2021_0_5_bps": 245.3501337262432,
        "annual_return_2021_2022_1_0_bps": 1443.5848783250622,
        "annual_volatility_2021_2022_1_0_bps": 0.030087986014302,
        "sharpe_ratio_2021_2022_1_0_bps": 245.34914913503232,
        "downside_risk_2021_2022_1_0_bps": 0.0,
        "sortino_ratio_2021_2022_1_0_bps": Infinity,
        "max_drawdown_2021_2022_1_0_bps": -0.0,
        "calmar_ratio_2021_2022_1_0_bps": NaN,
        "perc_pos_return_2021_2022_1_0_bps": 1.0,
        "profit_loss_ratio_2021_2022_1_0_bps": NaN,
        "sharpe_ratio_2021_1_0_bps": 245.34914913503223,
        "annual_return_2021_2022_1_5_bps": 1443.3876573245186,
        "annual_volatility_2021_2022_1_5_bps": 0.03008753407452296,
        "sharpe_ratio_2021_2022_1_5_bps": 245.34816324851914,
        "downside_risk_2021_2022_1_5_bps": 0.0,
        "sortino_ratio_2021_2022_1_5_bps": Infinity,
        "max_drawdown_2021_2022_1_5_bps": -0.0,
        "calmar_ratio_2021_2022_1_5_bps": NaN,
        "perc_pos_return_2021_2022_1_5_bps": 1.0,
        "profit_loss_ratio_2021_2022_1_5_bps": NaN,
        "sharpe_ratio_2021_1_5_bps": 245.34816324851914,
        "annual_return_2021_2022_2_0_bps": 1443.1904631360023,
        "annual_volatility_2021_2022_2_0_bps": 0.030087082289967856,
        "sharpe_ratio_2021_2022_2_0_bps": 245.34717606660368,
        "downside_risk_2021_2022_2_0_bps": 0.0,
        "sortino_ratio_2021_2022_2_0_bps": Infinity,
        "max_drawdown_2021_2022_2_0_bps": -0.0,
        "calmar_ratio_2021_2022_2_0_bps": NaN,
        "perc_pos_return_2021_2022_2_0_bps": 1.0,
        "profit_loss_ratio_2021_2022_2_0_bps": NaN,
        "sharpe_ratio_2021_2_0_bps": 245.34717606660368,
        "annual_return_2021_2022_2_5_bps": 1442.9932957559045,
        "annual_volatility_2021_2022_2_5_bps": 0.03008663066064368,
        "sharpe_ratio_2021_2022_2_5_bps": 245.34618758918583,
        "downside_risk_2021_2022_2_5_bps": 0.0,
        "sortino_ratio_2021_2022_2_5_bps": Infinity,
        "max_drawdown_2021_2022_2_5_bps": -0.0,
        "calmar_ratio_2021_2022_2_5_bps": NaN,
        "perc_pos_return_2021_2022_2_5_bps": 1.0,
        "profit_loss_ratio_2021_2022_2_5_bps": NaN,
        "sharpe_ratio_2021_2_5_bps": 245.34618758918583,
        "annual_return_2021_2022_3_0_bps": 1442.7961551805813,
        "annual_volatility_2021_2022_3_0_bps": 0.030086179186557413,
        "sharpe_ratio_2021_2022_3_0_bps": 245.34519781616552,
        "downside_risk_2021_2022_3_0_bps": 0.0,
        "sortino_ratio_2021_2022_3_0_bps": Infinity,
        "max_drawdown_2021_2022_3_0_bps": -0.0,
        "calmar_ratio_2021_2022_3_0_bps": NaN,
        "perc_pos_return_2021_2022_3_0_bps": 1.0,
        "profit_loss_ratio_2021_2022_3_0_bps": NaN,
        "sharpe_ratio_2021_3_0_bps": 245.3451978161655
    }
}