{
    "ALL": {
        "performance_sw": 1.4799068621061078,
        "performance_fw": 1.353465535545107,
        "val_loss": 3.5336508044016797,
        "annual_return_2021_2022": 0.4218052212301795,
        "annual_volatility_2021_2022": 0.2608798646953181,
        "sharpe_ratio_2021_2022": 1.4799068621061078,
        "downside_risk_2021_2022": 0.1740297090833355,
        "sortino_ratio_2021_2022": 2.218459733004769,
        "max_drawdown_2021_2022": 0.13415767326896202,
        "calmar_ratio_2021_2022": 3.1441006015700332,
        "perc_pos_return_2021_2022": 0.5714285714285714,
        "profit_loss_ratio_2021_2022": 0.9627859474767988,
        "sharpe_ratio_2021": 1.4799068621061078,
        "annual_return_2021_2022_0_5_bps": 0.4124099549389457,
        "annual_volatility_2021_2022_0_5_bps": 0.2608818996571907,
        "sharpe_ratio_2021_2022_0_5_bps": 1.4544525266805977,
        "downside_risk_2021_2022_0_5_bps": 0.17424659535280074,
        "sortino_ratio_2021_2022_0_5_bps": 2.177605463988403,
        "max_drawdown_2021_2022_0_5_bps": 0.1354466046318618,
        "calmar_ratio_2021_2022_0_5_bps": 3.0448157490537224,
        "perc_pos_return_2021_2022_0_5_bps": 0.5714285714285714,
        "profit_loss_ratio_2021_2022_0_5_bps": 0.958693074942608,
        "sharpe_ratio_2021_0_5_bps": 1.4544525266805977,
        "annual_return_2021_2022_1_0_bps": 0.40307650593599464,
        "annual_volatility_2021_2022_1_0_bps": 0.2608839943944233,
        "sharpe_ratio_2021_2022_1_0_bps": 1.4289982609348044,
        "downside_risk_2021_2022_1_0_bps": 0.17446366930543475,
        "sortino_ratio_2021_2022_1_0_bps": 2.1368504731073132,
        "max_drawdown_2021_2022_1_0_bps": 0.13673365738467377,
        "calmar_ratio_2021_2022_1_0_bps": 2.947895299853032,
        "perc_pos_return_2021_2022_1_0_bps": 0.5714285714285714,
        "profit_loss_ratio_2021_2022_1_0_bps": 0.9546171781736534,
        "sharpe_ratio_2021_1_0_bps": 1.4289982609348044,
        "annual_return_2021_2022_1_5_bps": 0.39380446923934653,
        "annual_volatility_2021_2022_1_5_bps": 0.260886148905576,
        "sharpe_ratio_2021_2022_1_5_bps": 1.4035440823713694,
        "downside_risk_2021_2022_1_5_bps": 0.17468093024154246,
        "sortino_ratio_2021_2022_1_5_bps": 2.0961945300082676,
        "max_drawdown_2021_2022_1_5_bps": 0.13801883420705352,
        "calmar_ratio_2021_2022_1_5_bps": 2.8532661611136905,
        "perc_pos_return_2021_2022_1_5_bps": 0.5714285714285714,
        "profit_loss_ratio_2021_2022_1_5_bps": 0.9505581517744405,
        "sharpe_ratio_2021_1_5_bps": 1.4035440823713694,
        "annual_return_2021_2022_2_0_bps": 0.38459344250870653,
        "annual_volatility_2021_2022_2_0_bps": 0.2608883631891679,
        "sharpe_ratio_2021_2022_2_0_bps": 1.378090008491899,
        "downside_risk_2021_2022_2_0_bps": 0.1748983774643043,
        "sortino_ratio_2021_2022_2_0_bps": 2.055637404161599,
        "max_drawdown_2021_2022_2_0_bps": 0.13930213777491424,
        "calmar_ratio_2021_2022_2_0_bps": 2.7608581508643923,
        "perc_pos_return_2021_2022_2_0_bps": 0.5714285714285714,
        "profit_loss_ratio_2021_2022_2_0_bps": 0.9465158912201493,
        "sharpe_ratio_2021_2_0_bps": 1.378090008491899,
        "annual_return_2021_2022_2_5_bps": 0.3754430260282864,
        "annual_volatility_2021_2022_2_5_bps": 0.26089063724367717,
        "sharpe_ratio_2021_2022_2_5_bps": 1.3526360567969042,
        "downside_risk_2021_2022_2_5_bps": 0.17511601027976584,
        "sortino_ratio_2021_2022_2_5_bps": 2.015178864872154,
        "max_drawdown_2021_2022_2_5_bps": 0.14058357076043765,
        "calmar_ratio_2021_2022_2_5_bps": 2.6706038550412305,
        "perc_pos_return_2021_2022_2_5_bps": 0.5714285714285714,
        "profit_loss_ratio_2021_2022_2_5_bps": 0.9424902928476622,
        "sharpe_ratio_2021_2_5_bps": 1.3526360567969042,
        "annual_return_2021_2022_3_0_bps": 0.3663528226897783,
        "annual_volatility_2021_2022_3_0_bps": 0.2608929710675408,
        "sharpe_ratio_2021_2022_3_0_bps": 1.3271822447857402,
        "downside_risk_2021_2022_3_0_bps": 0.1753338279968271,
        "sortino_ratio_2021_2022_3_0_bps": 1.9748186812901034,
        "max_drawdown_2021_2022_3_0_bps": 0.1418631358320767,
        "calmar_ratio_2021_2022_3_0_bps": 2.5824384928543376,
        "perc_pos_return_2021_2022_3_0_bps": 0.5714285714285714,
        "profit_loss_ratio_2021_2022_3_0_bps": 0.9384812538466999,
        "sharpe_ratio_2021_3_0_bps": 1.3271822447857402
    },
    "STOCK": {
        "annual_return_2021_2022": 0.4218052212301795,
        "annual_volatility_2021_2022": 0.2608798646953181,
        "sharpe_ratio_2021_2022": 1.4799068621061078,
        "downside_risk_2021_2022": 0.1740297090833355,
        "sortino_ratio_2021_2022": 2.218459733004769,
        "max_drawdown_2021_2022": 0.13415767326896202,
        "calmar_ratio_2021_2022": 3.1441006015700332,
        "perc_pos_return_2021_2022": 0.5714285714285714,
        "profit_loss_ratio_2021_2022": 0.9627859474767988,
        "sharpe_ratio_2021": 1.4799068621061078,
        "annual_return_2021_2022_0_5_bps": 0.4124099549389457,
        "annual_volatility_2021_2022_0_5_bps": 0.2608818996571907,
        "sharpe_ratio_2021_2022_0_5_bps": 1.4544525266805977,
        "downside_risk_2021_2022_0_5_bps": 0.17424659535280074,
        "sortino_ratio_2021_2022_0_5_bps": 2.177605463988403,
        "max_drawdown_2021_2022_0_5_bps": 0.1354466046318618,
        "calmar_ratio_2021_2022_0_5_bps": 3.0448157490537224,
        "perc_pos_return_2021_2022_0_5_bps": 0.5714285714285714,
        "profit_loss_ratio_2021_2022_0_5_bps": 0.958693074942608,
        "sharpe_ratio_2021_0_5_bps": 1.4544525266805977,
        "annual_return_2021_2022_1_0_bps": 0.40307650593599464,
        "annual_volatility_2021_2022_1_0_bps": 0.2608839943944233,
        "sharpe_ratio_2021_2022_1_0_bps": 1.4289982609348044,
        "downside_risk_2021_2022_1_0_bps": 0.17446366930543475,
        "sortino_ratio_2021_2022_1_0_bps": 2.1368504731073132,
        "max_drawdown_2021_2022_1_0_bps": 0.13673365738467377,
        "calmar_ratio_2021_2022_1_0_bps": 2.947895299853032,
        "perc_pos_return_2021_2022_1_0_bps": 0.5714285714285714,
        "profit_loss_ratio_2021_2022_1_0_bps": 0.9546171781736534,
        "sharpe_ratio_2021_1_0_bps": 1.4289982609348044,
        "annual_return_2021_2022_1_5_bps": 0.39380446923934653,
        "annual_volatility_2021_2022_1_5_bps": 0.260886148905576,
        "sharpe_ratio_2021_2022_1_5_bps": 1.4035440823713694,
        "downside_risk_2021_2022_1_5_bps": 0.17468093024154246,
        "sortino_ratio_2021_2022_1_5_bps": 2.0961945300082676,
        "max_drawdown_2021_2022_1_5_bps": 0.13801883420705352,
        "calmar_ratio_2021_2022_1_5_bps": 2.8532661611136905,
        "perc_pos_return_2021_2022_1_5_bps": 0.5714285714285714,
        "profit_loss_ratio_2021_2022_1_5_bps": 0.9505581517744405,
        "sharpe_ratio_2021_1_5_bps": 1.4035440823713694,
        "annual_return_2021_2022_2_0_bps": 0.38459344250870653,
        "annual_volatility_2021_2022_2_0_bps": 0.2608883631891679,
        "sharpe_ratio_2021_2022_2_0_bps": 1.378090008491899,
        "downside_risk_2021_2022_2_0_bps": 0.1748983774643043,
        "sortino_ratio_2021_2022_2_0_bps": 2.055637404161599,
        "max_drawdown_2021_2022_2_0_bps": 0.13930213777491424,
        "calmar_ratio_2021_2022_2_0_bps": 2.7608581508643923,
        "perc_pos_return_2021_2022_2_0_bps": 0.5714285714285714,
        "profit_loss_ratio_2021_2022_2_0_bps": 0.9465158912201493,
        "sharpe_ratio_2021_2_0_bps": 1.378090008491899,
        "annual_return_2021_2022_2_5_bps": 0.3754430260282864,
        "annual_volatility_2021_2022_2_5_bps": 0.26089063724367717,
        "sharpe_ratio_2021_2022_2_5_bps": 1.3526360567969042,
        "downside_risk_2021_2022_2_5_bps": 0.17511601027976584,
        "sortino_ratio_2021_2022_2_5_bps": 2.015178864872154,
        "max_drawdown_2021_2022_2_5_bps": 0.14058357076043765,