{
    "ALL": {
        "performance_sw": -0.21772492094452256,
        "performance_fw": -0.5684759830243119,
        "val_loss": 1.8968628411198243,
        "annual_return_2023_2024": -0.04942705435017425,
        "annual_volatility_2023_2024": 0.16792967825703797,
        "sharpe_ratio_2023_2024": -0.2177249209445225,
        "downside_risk_2023_2024": 0.12809843460214074,
        "sortino_ratio_2023_2024": -0.28542484563774423,
        "max_drawdown_2023_2024": 0.21317603062835572,
        "calmar_ratio_2023_2024": -0.2318602809353543,
        "perc_pos_return_2023_2024": 0.5180722891566265,
        "profit_loss_ratio_2023_2024": 0.8954564741488322,
        "sharpe_ratio_2023": -0.2177249209445225,
        "annual_return_2023_2024_0_5_bps": -0.04997617296225376,
        "annual_volatility_2023_2024_0_5_bps": 0.16792958498154198,
        "sharpe_ratio_2023_2024_0_5_bps": -0.2211652126596172,
        "downside_risk_2023_2024_0_5_bps": 0.12811559337643497,
        "sortino_ratio_2023_2024_0_5_bps": -0.28989587758577556,
        "max_drawdown_2023_2024_0_5_bps": 0.21330825129571787,
        "calmar_ratio_2023_2024_0_5_bps": -0.2342908568172066,
        "perc_pos_return_2023_2024_0_5_bps": 0.5180722891566265,
        "profit_loss_ratio_2023_2024_0_5_bps": 0.8949169233188533,
        "sharpe_ratio_2023_0_5_bps": -0.2211652126596172,
        "annual_return_2023_2024_1_0_bps": -0.05052497570522951,
        "annual_volatility_2023_2024_1_0_bps": 0.16792949222871273,
        "sharpe_ratio_2023_2024_1_0_bps": -0.22460550749742725,
        "downside_risk_2023_2024_1_0_bps": 0.12813275504059615,
        "sortino_ratio_2023_2024_1_0_bps": -0.2943657054268846,
        "max_drawdown_2023_2024_1_0_bps": 0.21344045009267743,
        "calmar_ratio_2023_2024_1_0_bps": -0.23671696570772408,
        "perc_pos_return_2023_2024_1_0_bps": 0.5180722891566265,
        "profit_loss_ratio_2023_2024_1_0_bps": 0.8943776757289811,
        "sharpe_ratio_2023_1_0_bps": -0.22460550749742725,
        "annual_return_2023_2024_1_5_bps": -0.05107346276003166,
        "annual_volatility_2023_2024_1_5_bps": 0.16792939999855103,
        "sharpe_ratio_2023_2024_1_5_bps": -0.22804580542583366,
        "downside_risk_2023_2024_1_5_bps": 0.12814991959346328,
        "sortino_ratio_2023_2024_1_5_bps": -0.29883432934514265,
        "max_drawdown_2023_2024_1_5_bps": 0.21357262702279645,
        "calmar_ratio_2023_2024_1_5_bps": -0.23913861749043408,
        "perc_pos_return_2023_2024_1_5_bps": 0.5180722891566265,
        "profit_loss_ratio_2023_2024_1_5_bps": 0.8938387311236452,
        "sharpe_ratio_2023_1_5_bps": -0.22804580542583366,
        "annual_return_2023_2024_2_0_bps": -0.05162163430747957,
        "annual_volatility_2023_2024_2_0_bps": 0.1679293082910578,
        "sharpe_ratio_2023_2024_2_0_bps": -0.2314861064127181,
        "downside_risk_2023_2024_2_0_bps": 0.1281670870338758,
        "sortino_ratio_2023_2024_2_0_bps": -0.3033017495248476,
        "max_drawdown_2023_2024_2_0_bps": 0.2137047820896329,
        "calmar_ratio_2023_2024_2_0_bps": -0.2415558220209982,
        "perc_pos_return_2023_2024_2_0_bps": 0.5180722891566265,
        "profit_loss_ratio_2023_2024_2_0_bps": 0.8933000892475623,
        "sharpe_ratio_2023_2_0_bps": -0.2314861064127181,
        "annual_return_2023_2024_2_5_bps": -0.05216949052829467,
        "annual_volatility_2023_2024_2_5_bps": 0.16792921710623382,
        "sharpe_ratio_2023_2024_2_5_bps": -0.2349264104259598,
        "downside_risk_2023_2024_2_5_bps": 0.1281842573606735,
        "sortino_ratio_2023_2024_2_5_bps": -0.30776796615051916,
        "max_drawdown_2023_2024_2_5_bps": 0.21383691529674562,
        "calmar_ratio_2023_2024_2_5_bps": -0.243968589127364,
        "perc_pos_return_2023_2024_2_5_bps": 0.5180722891566265,
        "profit_loss_ratio_2023_2024_2_5_bps": 0.8927617498457365,
        "sharpe_ratio_2023_2_5_bps": -0.2349264104259598,
        "annual_return_2023_2024_3_0_bps": -0.05271703160309382,
        "annual_volatility_2023_2024_3_0_bps": 0.16792912644408,
        "sharpe_ratio_2023_2024_3_0_bps": -0.23836671743344034,
        "downside_risk_2023_2024_3_0_bps": 0.12820143057974887,
        "sortino_ratio_2023_2024_3_0_bps": -0.3122329793897289,
        "max_drawdown_2023_2024_3_0_bps": 0.21396902664769443,
        "calmar_ratio_2023_2024_3_0_bps": -0.24637692860983,
        "perc_pos_return_2023_2024_3_0_bps": 0.5140562248995983,
        "profit_loss_ratio_2023_2024_3_0_bps": 0.9066875488408819,
        "sharpe_ratio_2023_3_0_bps": -0.23836671743344034
    },
    "STOCK": {
        "annual_return_2023_2024": -0.04942705435017425,
        "annual_volatility_2023_2024": 0.16792967825703797,
        "sharpe_ratio_2023_2024": -0.2177249209445225,
        "downside_risk_2023_2024": 0.12809843460214074,
        "sortino_ratio_2023_2024": -0.28542484563774423,
        "max_drawdown_2023_2024": 0.21317603062835572,
        "calmar_ratio_2023_2024": -0.2318602809353543,
        "perc_pos_return_2023_2024": 0.5180722891566265,
        "profit_loss_ratio_2023_2024": 0.8954564741488322,
        "sharpe_ratio_2023": -0.2177249209445225,
        "annual_return_2023_2024_0_5_bps": -0.04997617296225376,
        "annual_volatility_2023_2024_0_5_bps": 0.16792958498154198,
        "sharpe_ratio_2023_2024_0_5_bps": -0.2211652126596172,
        "downside_risk_2023_2024_0_5_bps": 0.12811559337643497,
        "sortino_ratio_2023_2024_0_5_bps": -0.28989587758577556,
        "max_drawdown_2023_2024_0_5_bps": 0.21330825129571787,
        "calmar_ratio_2023_2024_0_5_bps": -0.2342908568172066,
        "perc_pos_return_2023_2024_0_5_bps": 0.5180722891566265,
        "profit_loss_ratio_2023_2024_0_5_bps": 0.8949169233188533,
        "sharpe_ratio_2023_0_5_bps": -0.2211652126596172,
        "annual_return_2023_2024_1_0_bps": -0.05052497570522951,
        "annual_volatility_2023_2024_1_0_bps": 0.16792949222871273,
        "sharpe_ratio_2023_2024_1_0_bps": -0.22460550749742725,
        "downside_risk_2023_2024_1_0_bps": 0.12813275504059615,
        "sortino_ratio_2023_2024_1_0_bps": -0.2943657054268846,
        "max_drawdown_2023_2024_1_0_bps": 0.21344045009267743,
        "calmar_ratio_2023_2024_1_0_bps": -0.23671696570772408,
        "perc_pos_return_2023_2024_1_0_bps": 0.5180722891566265,
        "profit_loss_ratio_2023_2024_1_0_bps": 0.8943776757289811,
        "sharpe_ratio_2023_1_0_bps": -0.22460550749742725,
        "annual_return_2023_2024_1_5_bps": -0.05107346276003166,
        "annual_volatility_2023_2024_1_5_bps": 0.16792939999855103,
        "sharpe_ratio_2023_2024_1_5_bps": -0.22804580542583366,
        "downside_risk_2023_2024_1_5_bps": 0.12814991959346328,
        "sortino_ratio_2023_2024_1_5_bps": -0.29883432934514265,
        "max_drawdown_2023_2024_1_5_bps": 0.21357262702279645,
        "calmar_ratio_2023_2024_1_5_bps": -0.23913861749043408,
        "perc_pos_return_2023_2024_1_5_bps": 0.5180722891566265,
        "profit_loss_ratio_2023_2024_1_5_bps": 0.8938387311236452,
        "sharpe_ratio_2023_1_5_bps": -0.22804580542583366,
        "annual_return_2023_2024_2_0_bps": -0.05162163430747957,
        "annual_volatility_2023_2024_2_0_bps": 0.1679293082910578,
        "sharpe_ratio_2023_2024_2_0_bps": -0.2314861064127181,
        "downside_risk_2023_2024_2_0_bps": 0.1281670870338758,
        "sortino_ratio_2023_2024_2_0_bps": -0.3033017495248476,
        "max_drawdown_2023_2024_2_0_bps": 0.2137047820896329,
        "calmar_ratio_2023_2024_2_0_bps": -0.2415558220209982,
        "perc_pos_return_2023_2024_2_0_bps": 0.5180722891566265,
        "profit_loss_ratio_2023_2024_2_0_bps": 0.8933000892475623,
        "sharpe_ratio_2023_2_0_bps": -0.2314861064127181,
        "annual_return_2023_2024_2_5_bps": -0.05216949052829467,
        "annual_volatility_2023_2024_2_5_bps": 0.16792921710623382,
        "sharpe_ratio_2023_2024_2_5_bps": -0.2349264104259598,
        "downside_risk_2023_2024_2_5_bps": 0.1281842573606735,